Date,Open,High,Low,Close,Adjusted_close,Volume
2017-04-17,42.62,42.79,42.56,42.75,36.9525,97955
2017-04-18,42.6,42.72,42.53,42.65,36.866,221699
2017-04-19,42.54,42.57,42.23,42.29,36.5549,201477
2017-04-20,42.41,42.41,42.27,42.36,36.6154,101517
2017-04-21,42.21,42.33,42.13,42.26,36.5289,127545
2017-04-24,42.85,43.0,42.77,42.97,37.1426,206022
2017-04-25,42.87,43.03,42.855,43.02,37.1859,186649
2017-04-26,42.94,43.053,42.79,42.79,36.9871,208600
2017-04-27,42.95,42.9775,42.78,42.94,37.1167,149019
2017-04-28,42.93,42.98,42.88,42.94,37.1167,1978104
2017-05-01,43.0,43.0499,42.89,42.92,37.0994,446139
2017-05-02,43.16,43.369,43.1101,43.36,37.4798,160451
2017-05-03,43.2,43.26,43.07,43.12,37.2723,130769
2017-05-04,43.16,43.27,43.0141,43.13,37.2809,96587
2017-05-05,43.17,43.66,43.08,43.64,37.7218,231572
2017-05-08,43.5,43.62,43.34,43.45,37.5575,108159
2017-05-09,43.4,43.46,43.1145,43.14,37.2896,146643
2017-05-10,43.22,43.77,43.176,43.44,37.5489,149660
2017-05-11,43.18,43.26,43.02,43.22,37.3587,133177
2017-05-12,43.32,43.43,43.21,43.39,37.5057,116331
2017-05-15,43.54,43.71,43.54,43.625,37.7088,152106
2017-05-16,43.78,43.8401,43.7,43.7,37.7736,87521
2017-05-17,43.53,43.5506,43.3,43.33,37.4538,333788
2017-05-18,43.29,43.463,43.18,43.39,37.5057,111348
2017-05-19,43.6,43.96,43.48,43.89,37.9379,139281
2017-05-22,44.08,44.25,43.935,44.19,38.1972,57053
2017-05-23,44.45,44.46,44.27,44.33,38.3182,84259
2017-05-24,44.34,44.52,44.27,44.51,38.4738,96329
2017-05-25,44.52,44.66,44.46,44.58,38.5343,136236
2017-05-26,44.59,44.59,44.449,44.48,38.4479,144634
2017-05-30,44.45,44.52,44.37,44.42,38.396,111065
2017-05-31,44.58,44.73,44.56,44.66,38.6035,155012
2017-06-01,44.79,45.05,44.68,45.03,38.9233,301646
2017-06-02,45.3,45.37,45.14,45.27,39.1307,105054
2017-06-05,45.21,45.26,45.09,45.24,39.1048,601355
2017-06-06,45.27,45.27,45.08,45.19,39.0616,359024
2017-06-07,45.32,45.32,45.02,45.13,39.0097,275439
2017-06-08,45.02,45.11,44.85,44.99,38.8887,166361
2017-06-09,44.89,44.9968,44.776,44.95,38.8541,163414
2017-06-12,44.76,44.9,44.61,44.74,38.6726,254292
2017-06-13,44.89,44.92,44.73,44.9,38.8109,221724
2017-06-14,45.31,45.405,44.95,45.04,38.9319,98128
2017-06-15,44.67,44.91,44.61,44.88,38.7936,129895
2017-06-16,45.05,45.33,44.89,45.33,39.1826,108824
2017-06-19,45.31,45.48,45.2477,45.33,39.1826,232831
2017-06-20,44.38,44.6027,44.0,44.01,38.6693,235362
2017-06-21,44.12,44.1385,43.891,44.0,38.6605,105326
2017-06-22,43.96,44.12,43.93,43.98,38.643,160197
2017-06-23,43.97,44.209,43.9,44.1,38.7484,117927
2017-06-26,44.31,44.39,44.12,44.33,38.9505,162716
2017-06-27,44.28,44.28,44.0258,44.05,38.7045,224396
2017-06-28,44.26,44.42,44.16,44.3,38.9241,85823
2017-06-29,44.11,44.14,43.7,43.88,38.5551,114531
2017-06-30,43.83,44.0399,43.79,43.97,38.6342,94635
2017-07-03,43.73,43.93,43.73,43.77,38.4584,371270
2017-07-05,43.54,43.66,43.38,43.53,38.2476,234095
2017-07-06,43.37,43.54,43.281,43.41,38.1421,257392
2017-07-07,43.48,43.6,43.31,43.6,38.3091,267837
2017-07-10,43.45,43.6381,43.45,43.53,38.2476,227379
2017-07-11,43.47,43.59,43.365,43.55,38.2651,50261
2017-07-12,43.81,44.03,43.73,43.93,38.599,66290
2017-07-13,44.05,44.09,43.94,44.04,38.6957,111146
2017-07-14,44.29,44.55,44.25,44.51,39.1086,127101
2017-07-17,44.45,44.5768,44.42,44.47,39.0735,103773
2017-07-18,44.66,44.76,44.6,44.73,39.3019,91436
2017-07-19,44.77,45.01,44.73,45.0,39.5392,161093
2017-07-20,45.07,45.26,45.04,45.19,39.7061,165531
2017-07-21,45.11,45.22,45.0,45.22,39.7325,176894
2017-07-24,45.31,45.31,44.95,45.035,39.5699,420644
2017-07-25,45.1,45.2633,44.95,44.96,39.504,92858
2017-07-26,44.92,45.34,44.92,45.24,39.7501,211265
2017-07-27,45.21,45.26,44.925,45.05,39.5831,132785
2017-07-28,44.87,45.0375,44.87,45.0,39.5392,170416
2017-07-31,45.14,45.359,45.115,45.27,39.7764,94290
2017-08-01,45.34,45.59,45.34,45.48,39.9609,109421
2017-08-02,45.51,45.66,45.398,45.59,40.0576,116219
2017-08-03,45.51,45.69,45.44,45.67,40.1279,353165
2017-08-04,45.65,45.65,45.65,45.65,40.1103,202316
2017-08-07,45.6,45.67,45.51,45.67,40.1279,227640
2017-08-08,45.53,45.64,45.33,45.41,39.8994,111216
2017-08-09,45.23,45.34,45.19,45.3,39.8028,141107
2017-08-10,45.15,45.24,44.8701,44.89,39.4425,185167
2017-08-11,44.86,44.93,44.77,44.9,39.4513,95335
2017-08-14,44.96,45.28,44.96,45.12,39.6446,144887
2017-08-15,45.24,45.24,44.95,45.08,39.6095,80406
2017-08-16,45.37,45.5,45.27,45.4,39.8906,183254
2017-08-17,45.38,45.4199,45.01,45.01,39.548,79479
2017-08-18,45.14,45.42,45.05,45.29,39.794,64213
2017-08-21,45.28,45.38,45.22,45.34,39.8379,56746
2017-08-22,45.5,45.6,45.42,45.59,40.0576,65562
2017-08-23,45.4,45.75,45.4,45.7,40.1542,146523
2017-08-24,45.79,45.8504,45.663,45.73,40.1806,87523
2017-08-25,45.85,46.02,45.75,45.94,40.3651,109488
2017-08-28,46.02,46.03,45.7501,45.85,40.286,304665
2017-08-29,45.65,45.7599,45.63,45.73,40.1806,146980
2017-08-30,45.54,45.7813,45.5125,45.55,40.0224,186069
2017-08-31,45.62,46.08,45.62,46.03,40.4442,95992
2017-09-01,46.23,46.31,46.0401,46.14,40.5408,151753
2017-09-05,45.89,46.0892,45.74,45.91,40.3388,177164
2017-09-06,46.04,46.13,45.831,46.01,40.4266,223626
2017-09-07,46.13,46.37,46.12,46.325,40.7034,128687
2017-09-08,46.33,46.49,46.291,46.34,40.7166,63838
2017-09-11,46.56,46.75,46.535,46.69,41.0241,99769
2017-09-12,46.66,46.66,46.3,46.35,40.7254,255339
2017-09-13,46.2,46.2,45.98,46.03,40.4442,51659
2017-09-14,45.95,46.15,45.761,46.13,40.5321,106205
2017-09-15,46.14,46.259,46.01,46.14,40.5408,189007
2017-09-18,46.26,46.35,45.87,46.04,40.453,143383
2017-09-19,46.19,46.2558,46.0001,46.1284,40.5306,98254
2017-09-20,46.1,46.2,45.7601,45.9,40.33,110704
2017-09-21,45.63,45.63,45.63,45.63,40.0927,130157
2017-09-22,45.65,45.7,45.52,45.57,40.04,94570
2017-09-25,45.51,45.6,45.42,45.57,40.04,415588
2017-09-26,45.61,45.61,45.22,45.37,39.8643,133175
2017-09-27,45.38,45.38,45.0,45.02,39.5568,183922
2017-09-28,45.02,45.15,44.95,45.13,39.6534,55069
2017-09-29,45.26,45.26,45.26,45.26,39.7676,259004
2017-10-02,45.13,45.37,45.04,45.15,39.671,599133
2017-10-03,45.23,45.23,44.96,45.16,39.6798,318025
2017-10-04,45.02,45.02,45.02,45.02,39.5568,113513
2017-10-05,45.01,45.175,45.01,45.13,39.6534,83899
2017-10-06,44.96,45.0654,44.83,45.03,39.5655,290039
2017-10-09,45.11,45.32,45.07,45.09,39.6183,32682
2017-10-10,45.26,45.45,45.12,45.4,39.8906,129906
2017-10-11,45.45,45.76,45.45,45.7,40.1542,159481
2017-10-12,45.76,45.939,45.72,45.83,40.2685,441810
2017-10-13,46.03,46.04,45.77,45.8,40.2421,220453
2017-10-16,45.69,45.69,45.69,45.69,40.1454,186235
2017-10-17,45.67,45.8185,45.54,45.79,40.2333,273280
2017-10-18,45.79,45.9,45.75,45.8,40.2421,134377
2017-10-19,45.72,45.98,45.59,45.94,40.3651,123093
2017-10-20,45.93,45.959,45.741,45.78,40.2245,51151
2017-10-23,45.79,45.79,45.53,45.57,40.04,80060
2017-10-24,45.64,45.67,45.5,45.65,40.1103,107754
2017-10-25,45.6,45.6,45.0,45.19,39.7061,230091
2017-10-26,45.27,45.36,45.15,45.18,39.6973,114681
2017-10-27,45.12,45.36,44.9758,45.32,39.8203,90951
2017-10-30,45.38,45.53,45.24,45.49,39.9697,94765
2017-10-31,45.55,45.69,45.45,45.54,40.0137,296310
2017-11-01,45.59,45.72,45.53,45.54,40.0137,155726
2017-11-02,45.62,45.63,45.43,45.54,40.0137,170120
2017-11-03,45.64,45.64,45.39,45.57,40.04,333600
2017-11-06,45.66,45.7612,45.54,45.74,40.1894,79867
2017-11-07,45.78,45.78,45.78,45.78,40.2245,91384
2017-11-08,45.7,45.97,45.7,45.88,40.3124,80556
2017-11-09,45.77,45.8691,45.63,45.86,40.2948,287160
2017-11-10,45.73,45.75,45.5546,45.67,40.1279,70350
2017-11-13,45.46,45.55,45.17,45.495,39.9741,111494
2017-11-14,45.5,45.63,45.454,45.58,40.0488,71913
2017-11-15,45.41,45.45,45.3,45.3,39.8028,109817
2017-11-16,45.42,45.45,45.23,45.35,39.8467,139223
2017-11-17,45.23,45.2794,45.122,45.18,39.6973,156540
2017-11-20,45.07,45.1999,45.06,45.11,39.6358,500707
2017-11-21,45.13,45.45,45.13,45.31,39.8116,650975
2017-11-22,45.52,45.66,45.4,45.64,40.1015,62529
2017-11-24,45.83,46.0,45.83,45.96,40.3827,1357325
2017-11-27,45.99,46.05,45.84,45.84,40.2772,82534
2017-11-28,45.77,46.09,45.77,46.04,40.453,82399
2017-11-29,46.16,46.16,45.86,46.01,40.4266,1228057
2017-11-30,46.14,46.36,46.1,46.31,40.6902,179501
2017-12-01,46.29,46.4,46.1795,46.36,40.7341,440474
2017-12-04,46.46,46.4608,46.23,46.24,40.6287,213911
2017-12-05,46.37,46.37,46.05,46.07,40.4793,97870
2017-12-06,46.04,46.28,46.02,46.13,40.5321,1403285
2017-12-07,46.03,46.19,45.9288,46.12,40.5233,1401615
2017-12-08,46.17,46.17,45.99,46.16,40.5584,95304
2017-12-11,46.07,46.24,46.007,46.24,40.6287,157373
2017-12-12,46.14,46.145,45.9145,45.96,40.3827,191182
2017-12-13,46.03,46.24,45.94,46.14,40.5408,349818
2017-12-14,46.09,46.129,45.94,45.96,40.3827,307013
2017-12-15,46.0,46.16,45.99,46.04,40.453,140892
2017-12-18,46.19,46.5,46.12,46.15,40.5496,211847
2017-12-19,46.2,46.2,45.78,45.82,40.2597,265744
2017-12-20,45.85,45.9575,45.616,45.62,40.0839,109975
2017-12-21,44.91,45.03,44.66,44.92,39.9947,552298
2017-12-22,44.92,44.9999,44.86,44.99,40.057,261225
2017-12-26,45.12,45.165,44.95,44.99,40.057,137808
2017-12-27,45.08,45.15,44.88,45.07,40.1283,143454
2017-12-28,45.27,45.31,45.22,45.29,40.3241,175885
2017-12-29,45.46,45.46,45.2,45.22,40.2618,104174
2018-01-02,45.42,45.53,45.23,45.48,40.4933,167043
2018-01-03,45.4,45.6,45.27,45.48,40.4933,273303
2018-01-04,45.84,45.87,45.65,45.79,40.7693,2004789
2018-01-05,45.88,45.94,45.6664,45.92,40.8851,1489375
2018-01-08,45.8,46.1445,45.78,45.87,40.8405,256389
2018-01-09,45.83,45.87,45.55,45.65,40.6447,124960
2018-01-10,45.39,45.39,45.0364,45.1,40.155,351651
2018-01-11,45.17,45.31,45.08,45.28,40.3152,157376
2018-01-12,45.34,45.46,45.18,45.41,40.431,244072
2018-01-16,45.78,45.81,45.52,45.55,40.5556,363995
2018-01-17,45.68,45.989,45.59,45.82,40.796,234567
2018-01-18,45.83,45.83,45.55,45.69,40.6803,151538
2018-01-19,45.78,45.819,45.69,45.76,40.7426,143291
2018-01-22,45.78,45.96,45.78,45.95,40.9118,213882
2018-01-23,45.91,46.15,45.81,46.08,41.0275,264508
2018-01-24,46.4,46.8,46.1099,46.2,41.1344,195595
2018-01-25,46.27,46.376,45.98,46.16,41.0987,375146
2018-01-26,46.38,46.38,46.16,46.35,41.2679,142569
2018-01-29,46.14,46.14,45.74,45.78,40.7604,224875
2018-01-30,45.62,45.655,45.35,45.4,40.4221,237131
2018-01-31,45.79,45.83,45.55,45.77,40.7515,296077
2018-02-01,45.65,45.8094,45.47,45.59,40.5912,180187
2018-02-02,45.13,45.13,44.58,44.6,39.7098,431110
2018-02-05,44.38,44.47,43.23,43.31,38.5612,578537
2018-02-06,42.84,43.69,42.42,43.61,38.8283,779823
2018-02-07,43.29,43.72,43.2,43.2,38.4633,197307
2018-02-08,43.2,43.2,42.18,42.18,37.5551,677961
2018-02-09,42.52,42.77,41.66,42.61,37.938,339544
2018-02-12,42.75,43.21,42.58,43.07,38.3475,319497
2018-02-13,42.91,43.19,42.8208,43.07,38.3475,183561
2018-02-14,42.93,43.66,42.93,43.57,38.7927,899625
2018-02-15,43.6,43.96,43.5,43.96,39.14,845079
2018-02-16,44.07,44.306,43.9312,44.09,39.2557,581309
2018-02-20,43.95,44.13,43.68,43.8,38.9975,220108
2018-02-21,43.67,43.91,43.21,43.21,38.4722,154550
2018-02-22,43.27,43.372,43.01,43.1,38.3743,237928
2018-02-23,43.38,43.78,43.25,43.7,38.9085,331545
2018-02-26,43.94,44.0,43.63,43.88,39.0687,271770
2018-02-27,43.72,43.955,43.09,43.09,38.3654,659976
2018-02-28,43.19,43.19,42.65,42.66,37.9825,127991
2018-03-01,42.66,42.99,42.24,42.54,37.8757,358973
2018-03-02,42.31,42.63,42.24,42.54,37.8757,391053
2018-03-05,42.3,42.9499,42.3,42.92,38.214,319847
2018-03-06,43.13,43.13,42.84,42.97,38.2585,125787
2018-03-07,42.86,43.09,42.77,42.9899,38.2762,134981
2018-03-08,43.08,43.2099,42.97,43.17,38.4366,117397
2018-03-09,43.37,43.49,43.2,43.49,38.7215,146551
2018-03-12,43.5,43.65,43.39,43.54,38.766,540501
2018-03-13,43.62,43.82,43.4433,43.51,38.7393,184568
2018-03-14,43.69,43.89,43.5664,43.66,38.8729,165495
2018-03-15,43.54,43.72,42.95,43.23,38.49,199669
2018-03-16,43.25,43.3785,43.17,43.24,38.4989,789879
2018-03-19,43.12,43.16,42.78,42.93,38.2229,180908
2018-03-20,42.91,42.93,42.56,42.65,37.9736,1307473
2018-03-21,42.78,43.13,42.61,42.94,38.2318,296141
2018-03-22,42.51,42.759,42.3,42.36,37.7154,236103
2018-03-23,42.6,42.74,41.95,41.95,37.3504,229580
2018-03-26,42.37,42.51,42.08,42.49,37.8311,150512
2018-03-27,42.49,42.82,42.34,42.46,37.8044,362799
2018-03-28,42.61,42.86,42.51,42.58,37.9113,317042
2018-03-29,42.75,42.9599,42.71,42.85,38.1517,214773
2018-04-02,42.91,42.91,42.06,42.37,37.7243,323978
2018-04-03,42.52,42.6099,42.2801,42.54,37.8757,272162
2018-04-04,42.3,42.79,42.2,42.77,38.0804,276000
2018-04-05,42.83,43.15,42.76,43.065,38.3431,175946
2018-04-06,43.03,43.179,42.61,42.76,38.0715,158881
2018-04-09,43.1,43.3499,42.99,43.11,38.3832,328573
2018-04-10,43.31,43.43,43.21,43.4,38.6414,825188
2018-04-11,43.25,43.5099,43.25,43.31,38.5612,104305
2018-04-12,43.31,43.385,43.0804,43.13,38.401,256595
2018-04-13,43.25,43.42,43.2153,43.28,38.5345,167607
2018-04-16,43.43,43.7,43.37,43.64,38.855,97480
2018-04-17,43.71,44.05,43.66,43.91,39.0954,125279
2018-04-18,44.06,44.22,44.0,44.04,39.2112,155967
2018-04-19,43.96,44.04,43.63,43.68,38.8907,658400
2018-04-20,43.61,43.61,43.35,43.47,38.7037,477846
2018-04-23,43.43,43.525,43.27,43.32,38.5701,107714
2018-04-24,43.55,43.65,43.1299,43.29,38.5434,227452
2018-04-25,43.11,43.26,43.04,43.24,38.4989,92415
2018-04-26,43.46,43.6099,43.4,43.59,38.8105,167432
2018-04-27,43.67,43.92,43.622,43.86,39.0509,120247
2018-04-30,43.84,43.8516,43.67,43.71,38.9174,566374
2018-05-01,43.74,43.74,43.5,43.66,38.8729,112986
2018-05-02,43.77,44.11,43.74,43.81,39.0064,1492531
2018-05-03,43.92,43.99,43.5757,43.91,39.0954,356708
2018-05-04,43.69,44.0899,43.69,43.99,39.1667,207183
2018-05-07,43.89,44.13,43.86,43.95,39.1311,268603
2018-05-08,43.81,43.81,43.37,43.54,38.766,669315
2018-05-09,43.72,43.86,43.54,43.6,38.8194,131962
2018-05-10,43.77,43.94,43.6224,43.94,39.1222,139128
2018-05-11,44.07,44.18,43.93,44.01,39.1845,184083
2018-05-14,44.09,44.18,43.95,44.0,39.1756,124873
2018-05-15,43.7,43.74,43.48,43.69,38.8996,186412
2018-05-16,43.45,43.47,43.145,43.29,38.5434,170125
2018-05-17,43.28,43.37,43.0566,43.1,38.3743,90105
2018-05-18,43.0,43.06,42.79,42.9,38.1962,108150
2018-05-21,43.25,43.27,43.1,43.24,38.4989,154681
2018-05-22,43.26,43.37,43.15,43.21,38.4722,115105
2018-05-23,42.87,43.155,42.86,43.1,38.3743,109313
2018-05-24,43.01,43.13,42.94,43.03,38.3119,112334
2018-05-25,42.81,42.87,42.68,42.86,38.1606,173546
2018-05-29,42.44,42.5399,42.1201,42.28,37.6442,144175
2018-05-30,42.63,43.07,42.53,43.01,38.2941,215294
2018-05-31,42.89,43.2399,42.82,42.98,38.2674,389780
2018-06-01,42.92,42.925,42.7015,42.79,38.0982,215226
2018-06-04,43.04,43.21,42.86,42.89,38.1873,106421
2018-06-05,42.76,42.8699,42.68,42.73,38.0448,162652
2018-06-06,42.89,42.95,42.59,42.61,37.938,173829
2018-06-07,42.62,42.82,42.5,42.57,37.9024,113546
2018-06-08,42.53,42.53,42.23,42.41,37.7599,168916
2018-06-11,42.5,42.84,42.5,42.73,38.0448,228645
2018-06-12,42.82,43.01,42.82,42.9,38.1962,307835
2018-06-13,43.04,43.11,42.84,42.96,38.2496,267067
2018-06-14,42.94,43.15,42.88,43.05,38.3297,372600
2018-06-15,43.08,43.08,42.8301,43.01,38.2941,157539
2018-06-18,42.76,43.02,42.75,43.01,38.2941,101507
2018-06-19,41.76,42.28,41.73,42.27,38.2539,226242
2018-06-20,42.34,42.4102,42.24,42.33,38.3082,110630
2018-06-21,42.24,42.32,42.11,42.19,38.1815,164090
2018-06-22,42.59,42.66,42.48,42.52,38.4801,220066
2018-06-25,42.54,42.58,42.3356,42.48,38.4439,114942
2018-06-26,42.6,42.7,42.49,42.59,38.5435,132238
2018-06-27,42.62,42.75,42.3899,42.43,38.3987,126771
2018-06-28,42.4,42.66,42.3822,42.57,38.5254,204458
2018-06-29,42.8,43.04,42.745,42.95,38.8693,735946
2018-07-02,42.75,42.85,42.56,42.83,38.7607,180802
2018-07-03,43.07,43.27,43.07,43.11,39.0141,671660
2018-07-05,43.34,43.46,43.29,43.41,39.2856,257652
2018-07-06,43.56,43.98,43.52,43.92,39.7471,232184
2018-07-09,44.04,44.058,43.44,43.51,39.3761,149839
2018-07-10,43.43,43.71,43.37,43.66,39.5118,77919
2018-07-11,43.32,43.59,43.2098,43.26,39.1498,547295
2018-07-12,43.49,43.6,43.391,43.59,39.4485,133726
2018-07-13,43.56,43.86,43.48,43.65,39.5028,105580
2018-07-16,43.47,43.78,43.38,43.52,39.3851,279711
2018-07-17,43.44,43.55,43.39,43.42,39.2946,131103
2018-07-18,43.44,43.44,43.23,43.34,39.2222,120443
2018-07-19,43.28,43.649,43.241,43.51,39.3761,218744
2018-07-20,43.65,43.7,43.49,43.58,39.4394,172882
2018-07-23,43.46,43.53,43.3,43.38,39.2584,311759
2018-07-24,43.39,43.48,43.2799,43.45,39.3218,95983
2018-07-25,43.42,43.72,43.3672,43.67,39.5209,125768
2018-07-26,43.52,43.71,43.52,43.65,39.5028,129726
2018-07-27,43.87,43.89,43.53,43.67,39.5209,133851
2018-07-30,43.64,43.65,43.51,43.52,39.3851,93276
2018-07-31,43.66,43.842,43.59,43.75,39.5933,157395
2018-08-01,43.45,43.45,43.08,43.18,39.0774,180049
2018-08-02,43.1,43.34,43.08,43.28,39.1679,163545
2018-08-03,43.38,43.58,43.31,43.53,39.3942,266318
2018-08-06,43.42,43.69,43.42,43.61,39.4666,325093
2018-08-07,43.87,43.87,43.7,43.71,39.5571,129576
2018-08-08,43.57,43.61,43.455,43.6,39.4575,139630
2018-08-09,43.54,43.7101,43.54,43.59,39.4485,147136
2018-08-10,43.36,43.36,43.09,43.11,39.0141,105156
2018-08-13,43.13,43.17,42.92,42.97,38.8874,285134
2018-08-14,43.02,43.11,42.97,43.05,38.9598,114144
2018-08-15,42.68,42.68,42.5,42.57,38.5254,867593
2018-08-16,42.42,42.71,42.3,42.65,38.5978,196282
2018-08-17,42.67,42.94,42.65,42.9,38.824,456162
2018-08-20,42.86,43.0,42.83,42.99,38.9055,163172
2018-08-21,43.22,43.27,43.1,43.11,39.0141,620485
2018-08-22,43.09,43.2,43.05,43.2,39.0955,256804
2018-08-23,42.88,43.059,42.86,42.86,38.7878,267520
2018-08-24,42.93,43.07,42.86,43.07,38.9779,1731442
2018-08-27,43.1,43.26,43.1,43.22,39.1136,193094
2018-08-28,43.24,43.29,42.96,43.04,38.9507,133926
2018-08-29,43.03,43.23,42.75,43.23,39.1227,450077
2018-08-30,42.97,43.068,42.848,42.9,38.824,176758
2018-08-31,42.7,42.875,42.44,42.62,38.5706,404785
2018-09-04,42.39,42.54,42.37,42.39,38.3625,152480
2018-09-05,42.3,42.62,42.25,42.55,38.5073,223279
2018-09-06,42.49,42.6387,42.4301,42.59,38.5435,83098
2018-09-07,42.18,42.25,42.05,42.11,38.1091,325524
2018-09-10,42.3,42.49,42.3,42.34,38.3172,93651
2018-09-11,42.09,42.3999,42.09,42.37,38.3444,78766
2018-09-12,42.37,42.5799,42.35,42.53,38.4892,162916
2018-09-13,42.61,42.92,42.507,42.7,38.643,108721
2018-09-14,42.62,42.62,42.3135,42.39,38.3625,115028
2018-09-17,42.68,42.82,42.64,42.7,38.643,126161
2018-09-18,42.84,42.93,42.8,42.91,38.8331,155179
2018-09-19,42.74,42.74,42.43,42.49,38.453,271101
2018-09-20,42.66,42.66,42.42,42.59,38.5435,107204
2018-09-21,42.73,42.809,42.54,42.69,38.634,115625
2018-09-24,42.75,42.85,42.41,42.41,38.3806,83022
2018-09-25,42.42,42.46,42.17,42.26,38.2448,148512
2018-09-26,42.2,42.36,42.0,42.01,38.0186,246568
2018-09-27,41.92,42.16,41.92,41.98,37.9915,128316
2018-09-28,41.95,42.26,41.95,42.12,38.1182,222794
2018-10-01,42.22,42.34,42.19,42.31,38.2901,1378652
2018-10-02,42.11,42.37,42.11,42.31,38.2901,241215
2018-10-03,42.38,42.52,42.1,42.13,38.1272,317466
2018-10-04,41.8,41.8302,41.61,41.75,37.7833,106941
2018-10-05,41.77,41.97,41.77,41.91,37.9281,253969
2018-10-08,41.72,41.98,41.72,41.95,37.9643,91784
2018-10-09,41.81,42.1,41.8,42.01,38.0186,255136
2018-10-10,41.94,42.01,41.36,41.38,37.4485,310636
2018-10-11,41.39,41.44,40.6,40.88,36.996,1072335
2018-10-12,41.21,41.25,40.5,40.88,36.996,292330
2018-10-15,40.84,41.0989,40.82,40.94,37.0503,137190
2018-10-16,41.25,41.66,41.2,41.61,37.6566,144095
2018-10-17,41.7,41.7,41.17,41.32,37.3942,128165
2018-10-18,41.22,41.48,40.9199,41.04,37.1408,222730
2018-10-19,41.21,41.71,41.21,41.57,37.6204,148944
2018-10-22,41.61,41.62,41.2169,41.3,37.3761,177802
2018-10-23,41.09,41.21,40.72,41.05,37.1498,187205
2018-10-24,41.05,41.2,40.77,40.86,36.9779,169555
2018-10-25,40.95,41.0,40.6901,40.84,36.9598,111869
2018-10-26,40.51,40.74,40.21,40.49,36.643,164316
2018-10-29,40.71,40.79,40.04,40.28,36.453,392585
2018-10-30,40.38,40.64,40.26,40.62,36.7607,385816
2018-10-31,40.64,40.88,40.38,40.56,36.7064,422167
2018-11-01,40.83,41.02,40.79,41.02,37.1227,279612
2018-11-02,41.15,41.26,40.57,40.73,36.8602,139466
2018-11-05,40.8,41.27,40.8,41.27,37.3489,311438
2018-11-06,41.23,41.44,41.19,41.41,37.4756,152903
2018-11-07,41.82,42.0,41.64,42.0,38.0096,257549
2018-11-08,41.84,41.94,41.44,41.56,37.6114,529416
2018-11-09,41.42,41.47,41.21,41.42,37.4847,479896
2018-11-12,40.96,41.14,40.84,40.91,37.0231,257064
2018-11-13,41.03,41.18,40.8,41.03,37.1317,582141
2018-11-14,41.11,41.12,40.73,40.94,37.0503,351279
2018-11-15,40.63,40.9075,40.45,40.85,36.9688,503247
2018-11-16,40.98,41.2,40.9,41.16,37.2494,158210
2018-11-19,41.01,41.13,40.92,40.98,37.0865,250962
2018-11-20,40.83,40.9568,40.56,40.62,36.7607,248183
2018-11-21,40.74,40.9,40.69,40.69,36.824,143923
2018-11-23,40.52,40.65,40.48,40.49,36.643,157841
2018-11-26,40.69,41.07,40.69,40.92,37.0322,187818
2018-11-27,40.86,41.1,40.8201,41.06,37.1589,229625
2018-11-28,40.99,41.38,40.8692,41.36,37.4304,191058
2018-11-29,41.25,41.4,41.12,41.2,37.2856,230425
2018-11-30,41.1,41.35,41.04,41.34,37.4123,270421
2018-12-03,41.55,41.6,41.41,41.59,37.6385,364091
2018-12-04,41.72,41.8492,41.13,41.21,37.2946,391341
2018-12-06,41.13,41.35,40.64,41.35,37.4213,349473
2018-12-07,41.41,41.55,41.11,41.21,37.2946,415820
2018-12-10,41.06,41.08,40.45,40.88,36.996,748988
2018-12-11,41.27,41.33,40.96,41.13,37.2222,458780
2018-12-12,41.48,41.64,41.37,41.4,37.4666,574316
2018-12-13,41.41,41.77,41.41,41.48,37.539,953640
2018-12-14,41.32,41.47,41.25,41.3,37.3761,343756
2018-12-17,41.33,41.43,40.49,40.69,36.824,445436
2018-12-18,40.09,40.18,39.67,39.67,36.5217,597705
2018-12-19,39.93,40.36,39.53,39.73,36.5769,556238
2018-12-20,39.75,39.91,39.35,39.59,36.448,751848
2018-12-21,39.61,40.01,39.1,39.1,35.9969,801876
2018-12-24,39.03,39.2,38.19,38.21,35.1776,1194132
2018-12-26,38.32,39.16,37.9489,39.13,36.0245,1148034
2018-12-27,38.79,39.22,38.42,39.2,36.089,1253845
2018-12-28,39.36,39.57,39.21,39.35,36.2271,911225
2018-12-31,39.32,39.51,39.1,39.38,36.2547,827680
2019-01-02,38.94,39.44,38.94,39.44,36.3099,395038
2019-01-03,39.3,39.5,39.16,39.26,36.1442,163072
2019-01-04,39.57,40.16,39.44,40.15,36.9636,283573
2019-01-07,40.09,40.3599,39.88,40.19,37.0004,238087
2019-01-08,40.53,40.8,40.48,40.78,37.5436,190357
2019-01-09,40.79,40.97,40.79,40.91,37.6633,163379
2019-01-10,40.86,41.32,40.84,41.32,38.0407,891495
2019-01-11,41.0,41.03,40.9094,40.95,37.7001,761262
2019-01-14,40.68,40.82,40.61,40.71,37.4792,338387
2019-01-15,40.67,41.0343,40.59,41.0,37.7461,299517
2019-01-16,41.05,41.21,41.04,41.16,37.8934,317213
2019-01-17,41.04,41.47,41.0,41.37,38.0868,189144
2019-01-18,41.49,41.55,41.36,41.5,38.2065,1152455
2019-01-22,41.36,41.48,41.13,41.27,37.9947,659127
2019-01-23,41.59,41.73,41.41,41.59,38.2893,182679
2019-01-24,41.61,41.81,41.57,41.8,38.4826,258806
2019-01-25,41.89,42.13,41.89,42.05,38.7128,1585995
2019-01-28,41.79,41.895,41.72,41.85,38.5287,587801
2019-01-29,42.03,42.19,42.01,42.11,38.768,333552
2019-01-30,42.11,42.52,42.0234,42.48,39.1087,217798
2019-01-31,42.43,42.78,42.413,42.72,39.3296,233622
2019-02-01,42.62,42.7791,42.58,42.58,39.2007,662293
2019-02-04,42.51,42.88,42.3801,42.88,39.4769,237960
2019-02-05,42.74,42.965,42.74,42.93,39.523,418792
2019-02-06,42.82,42.91,42.7,42.73,39.3388,158863
2019-02-07,42.54,42.67,42.4,42.65,39.2652,249458
2019-02-08,42.47,42.58,42.35,42.51,39.1363,174867
2019-02-11,42.46,42.54,42.4,42.5,39.1271,159514
2019-02-12,42.63,42.78,42.58,42.71,39.3204,200827
2019-02-13,42.68,42.84,42.66,42.68,39.2928,175553
2019-02-14,42.57,42.91,42.5605,42.77,39.3757,321980
2019-02-15,42.99,43.12,42.92,43.12,39.6979,142568
2019-02-19,42.93,43.3774,42.925,43.32,39.882,173844
2019-02-20,43.36,43.5866,43.32,43.44,39.9925,119723
2019-02-21,43.48,43.62,43.37,43.62,40.1582,105298
2019-02-22,43.74,43.89,43.62,43.86,40.3792,216826
2019-02-25,43.86,43.94,43.65,43.65,40.1858,228021
2019-02-26,43.74,43.93,43.71,43.84,40.3607,170116
2019-02-27,43.65,43.83,43.62,43.76,40.2871,164576
2019-02-28,43.73,43.87,43.6572,43.87,40.3884,212045
2019-03-01,43.87,43.9,43.68,43.9,40.416,316114
2019-03-04,43.77,43.8,43.42,43.73,40.2595,171911
2019-03-05,43.65,43.791,43.62,43.7,40.2319,301867
2019-03-06,43.73,43.825,43.66,43.775,40.3009,155313
2019-03-07,43.71,43.88,43.59,43.66,40.195,249517
2019-03-08,43.53,43.77,43.49,43.77,40.2963,118259
2019-03-11,43.74,44.08,43.73,44.08,40.5817,252771
2019-03-12,44.06,44.26,44.06,44.21,40.7014,470121
2019-03-13,44.2,44.315,44.13,44.31,40.7934,111682
2019-03-14,44.31,44.375,44.24,44.33,40.8119,216000
2019-03-15,44.5,44.67,44.48,44.59,41.0512,286686
2019-03-18,44.68,44.78,44.59,44.78,41.2261,373304
2019-03-19,44.92,44.98,44.66,44.83,41.2722,227886
2019-03-20,44.65,45.02,44.56,44.81,41.2538,163679
2019-03-21,44.64,44.9265,44.64,44.83,41.2722,272982
2019-03-22,44.58,44.74,44.46,44.46,40.9315,293566
2019-03-25,44.51,44.63,44.435,44.62,41.0788,490087
2019-03-26,44.81,44.937,44.72,44.87,41.309,151431
2019-03-27,44.74,44.86,44.505,44.755,41.2031,139169
2019-03-28,44.69,44.75,44.4,44.59,41.0512,171666
2019-03-29,44.78,44.85,44.67,44.8177,41.2609,98455
2019-04-01,44.81,44.91,44.633,44.91,41.3458,213661
2019-04-02,44.89,44.98,44.8,44.98,41.4103,115967
2019-04-03,45.03,45.15,44.95,45.0,41.4287,100643
2019-04-04,44.81,44.96,44.76,44.95,41.3827,115937
2019-04-05,44.83,45.18,44.77,45.18,41.5944,155629
2019-04-08,45.13,45.15,44.96,45.1,41.5207,165970
2019-04-09,44.95,45.03,44.85,44.91,41.3458,195120
2019-04-10,45.07,45.17,44.98,45.03,41.4563,110011
2019-04-11,44.89,45.14,44.87,45.13,41.5484,308528
2019-04-12,45.27,45.27,45.04,45.17,41.5852,138391
2019-04-15,45.27,45.27,45.11,45.11,41.53,302644
2019-04-16,45.12,45.13,44.85,44.85,41.2906,192166
2019-04-17,44.92,44.93,44.79,44.88,41.3182,164749
2019-04-18,44.81,44.8801,44.78,44.82,41.263,81384
2019-04-22,44.91,44.94,44.78,44.9,41.3366,114804
2019-04-23,44.94,45.01,44.81,45.0,41.4287,67300
2019-04-24,45.02,45.1,44.87,44.9,41.3366,245809
2019-04-25,44.9,45.18,44.84,45.18,41.5944,195684
2019-04-26,45.2,45.29,45.14,45.21,41.622,193476
2019-04-29,45.15,45.15,44.94,45.09,41.5115,129805
2019-04-30,45.14,45.49,45.0777,45.49,41.8798,209765
2019-05-01,45.46,45.5558,45.11,45.11,41.53,455409
2019-05-02,45.05,45.05,44.81,44.96,41.3919,313693
2019-05-03,45.04,45.24,44.88,45.18,41.5944,214604
2019-05-06,44.69,44.9834,44.69,44.965,41.3965,174938
2019-05-07,44.73,44.81,44.52,44.64,41.0973,196795
2019-05-08,44.7,44.7,44.43,44.5,40.9684,509317
2019-05-09,44.31,44.55,44.14,44.47,40.9407,556203
2019-05-10,44.54,44.9751,44.33,44.9,41.3366,181311
2019-05-13,44.59,44.75,44.53,44.73,41.1801,157334
2019-05-14,44.87,45.01,44.72,44.94,41.3734,177588
2019-05-15,44.78,44.955,44.5947,44.8575,41.2975,95949
2019-05-16,44.96,45.195,44.9197,45.01,41.4379,102116
2019-05-17,44.9,45.19,44.79,45.07,41.4931,239163
2019-05-20,44.87,45.015,44.831,44.91,41.3458,157531
2019-05-21,45.09,45.27,45.03,45.2,41.6128,161144
2019-05-22,45.14,45.27,45.07,45.19,41.6036,186059
2019-05-23,44.86,45.2,44.825,45.2,41.6128,158097
2019-05-24,45.3,45.45,45.285,45.45,41.843,76546
2019-05-28,45.49,45.54,44.94,45.02,41.4471,262877
2019-05-29,44.81,44.81,44.5441,44.63,41.088,344986
2019-05-30,44.75,44.78,44.6,44.71,41.1617,121880
2019-05-31,44.47,44.739,44.45,44.71,41.1617,75134
2019-06-03,44.97,45.0257,44.787,44.93,41.3642,277451
2019-06-04,45.3,45.38,44.89,45.38,41.7785,371094
2019-06-05,45.55,45.75,45.49,45.75,42.1192,226118
2019-06-06,45.84,46.04,45.76,45.97,42.3217,172418
2019-06-07,46.36,46.62,46.26,46.26,42.5887,230747
2019-06-10,46.31,46.31,46.09,46.21,42.5427,105853
2019-06-11,46.44,46.44,46.13,46.24,42.5703,263474
2019-06-12,46.2,46.3897,46.13,46.18,42.515,174284
2019-06-13,46.39,46.45,46.2114,46.39,42.7084,151765
2019-06-14,46.26,46.315,46.1465,46.3,42.6255,199889
2019-06-17,45.48,45.51,45.32,45.33,42.454,364223
2019-06-18,45.84,45.87,45.69,45.85,42.941,337162
2019-06-19,45.93,46.26,45.9,46.19,43.2594,595375
2019-06-20,46.65,46.81,46.5,46.81,43.8401,1089313
2019-06-21,46.49,46.74,46.3916,46.74,43.7746,1339491
2019-06-24,46.79,46.83,46.69,46.76,43.7933,626778
2019-06-25,46.69,46.69,46.3,46.3,43.3625,738299
2019-06-26,46.3,46.3,46.0,46.0,43.0815,749603
2019-06-27,46.04,46.04,45.89,45.99,43.0721,177878
2019-06-28,46.12,46.29,46.05,46.2,43.2688,958336
2019-07-01,46.27,46.27,45.91,46.06,43.1377,590010
2019-07-02,46.22,46.45,46.22,46.33,43.3906,236856
2019-07-03,46.66,46.99,46.66,46.93,43.9525,194354
2019-07-05,46.6,46.72,46.34,46.69,43.7277,139885
2019-07-08,46.53,46.6,46.43,46.49,43.5404,265428
2019-07-09,46.32,46.53,46.3,46.51,43.5591,117414
2019-07-10,46.77,46.93,46.74,46.74,43.7746,476473
2019-07-11,46.88,47.0,46.73,46.97,43.99,292431
2019-07-12,46.89,46.91,46.74,46.91,43.9338,104817
2019-07-15,46.79,46.88,46.7416,46.82,43.8495,143864
2019-07-16,46.66,46.69,46.36,46.47,43.5217,285961
2019-07-17,46.59,46.71,46.47,46.6,43.6434,285086
2019-07-18,46.5,46.75,46.435,46.72,43.7558,469408
2019-07-19,46.63,46.69,46.34,46.44,43.4936,143949
2019-07-22,46.38,46.382,46.21,46.33,43.3906,158005
2019-07-23,46.31,46.31,46.07,46.11,43.1845,105205
2019-07-24,46.12,46.14,46.02,46.11,43.1845,201173
2019-07-25,46.14,46.15,45.69,45.72,42.8193,254785
2019-07-26,45.73,45.79,45.664,45.72,42.8193,176987
2019-07-29,45.81,45.8771,45.7,45.79,42.8848,91140
2019-07-30,45.7,45.7,45.4266,45.47,42.5851,268529
2019-07-31,45.49,45.52,44.9,45.25,42.3791,255185
2019-08-01,45.21,45.73,45.21,45.29,42.4166,300730
2019-08-02,45.4,45.56,45.21,45.21,42.3416,130847
2019-08-05,44.94,45.01,44.17,44.3,41.4894,395499
2019-08-06,44.45,44.64,44.2,44.5,41.6767,308505
2019-08-07,44.65,44.96,44.19,44.96,42.1075,330250
2019-08-08,44.97,45.3,44.9,45.18,42.3135,727186
2019-08-09,45.08,45.37,45.08,45.18,42.3135,263449
2019-08-12,45.02,45.155,44.86,44.9,42.0513,300649
2019-08-13,44.96,45.2304,44.82,45.17,42.3042,224262
2019-08-14,44.56,44.7299,44.02,44.02,41.2271,204202
2019-08-15,44.2,44.48,44.135,44.4,41.583,135765
2019-08-16,44.7,44.89,44.595,44.86,42.0138,183623
2019-08-19,45.14,45.325,45.13,45.28,42.4072,200796
2019-08-20,45.18,45.21,44.97,45.13,42.2667,257702
2019-08-21,45.33,45.44,45.27,45.43,42.5477,110495
2019-08-22,45.35,45.4,45.0811,45.17,42.3042,120220
2019-08-23,45.21,45.3,44.51,44.68,41.8453,364259
2019-08-26,44.92,45.01,44.74,45.0,42.1449,231915
2019-08-27,45.15,45.34,45.055,45.16,42.2948,217634
2019-08-28,45.05,45.2,44.79,45.07,42.2105,127934
2019-08-29,45.42,45.55,45.26,45.46,42.5758,110838
2019-08-30,45.66,45.66,45.38,45.46,42.5758,390807
2019-09-03,45.26,45.77,45.1,45.62,42.7256,128854
2019-09-04,46.13,46.3,45.94,46.29,43.3531,137224
2019-09-05,46.34,46.38,46.1612,46.26,43.325,635640
2019-09-06,46.27,46.39,46.2,46.35,43.4093,186803
2019-09-09,46.18,46.18,45.96,46.02,43.1002,162415
2019-09-10,45.84,46.04,45.73,45.94,43.0253,104695
2019-09-11,45.84,46.09,45.67,46.09,43.1658,201366
2019-09-12,46.07,46.2,46.045,46.07,43.1471,203833
2019-09-13,46.1,46.1,45.86,45.89,42.9785,485219
2019-09-16,45.61,45.74,45.35,45.39,42.5102,640220
2019-09-17,45.51,45.98,45.51,45.98,43.0628,231357
2019-09-18,45.91,46.13,45.78,46.09,43.1658,242352
2019-09-19,46.25,46.3033,46.15,46.25,43.3156,76035
2019-09-20,46.18,46.33,46.15,46.15,43.222,121568
2019-09-23,46.16,46.28,46.06,46.28,43.3437,139533
2019-09-24,46.38,46.509,46.26,46.43,43.4842,342733
2019-09-25,46.23,46.24,46.035,46.15,43.222,297071
2019-09-26,46.37,46.48,46.25,46.48,43.531,115866
2019-09-27,46.41,46.53,46.18,46.24,43.3063,514818
2019-09-30,46.45,46.55,46.35,46.47,43.5217,108120
2019-10-01,46.45,46.53,46.16,46.29,43.3531,403173
2019-10-02,45.94,45.99,45.53,45.69,42.7912,164014
2019-10-03,45.63,45.95,45.37,45.95,43.0347,146350
2019-10-04,45.9,46.37,45.85,46.31,43.3718,137435
2019-10-07,46.23,46.33,46.14,46.18,43.2501,455342
2019-10-08,46.0,46.0,45.71,45.73,42.8286,393420
2019-10-09,46.25,46.34,46.04,46.3,43.3625,364557
2019-10-10,46.17,46.42,46.03,46.42,43.4749,269070
2019-10-11,46.71,46.8187,46.55,46.72,43.7558,106045
2019-10-14,46.54,46.61,46.28,46.41,43.4655,61641
2019-10-15,46.48,46.72,46.33,46.61,43.6528,159967
2019-10-16,46.5,46.61,46.43,46.52,43.5685,163317
2019-10-17,46.71,46.85,46.63,46.75,43.7839,223029
2019-10-18,46.62,46.88,46.55,46.84,43.8682,568122
2019-10-21,46.93,46.95,46.8016,46.95,43.9712,218977
2019-10-22,47.03,47.2,46.92,47.05,44.0649,197566
2019-10-23,46.96,47.11,46.96,47.0,44.0181,207581
2019-10-24,47.16,47.25,47.08,47.25,44.2522,250968
2019-10-25,47.02,47.09,46.9146,47.04,44.0555,88989
2019-10-28,47.02,47.09,46.89,46.89,43.915,71920
2019-10-29,46.72,46.87,46.71,46.78,43.812,1149882
2019-10-30,46.68,47.04,46.64,46.86,43.8869,181855
2019-10-31,46.94,47.17,46.89,47.17,44.1773,298279
2019-11-01,47.42,47.63,47.33,47.63,44.6081,127934
2019-11-04,47.71,47.78,47.292,47.42,44.4114,264611
2019-11-05,47.27,47.27,46.9026,47.07,44.0836,110539
2019-11-06,46.95,47.11,46.84,46.84,43.8682,220833
2019-11-07,46.96,46.99,46.565,46.68,43.7184,105221
2019-11-08,46.47,46.67,46.47,46.67,43.709,106563
2019-11-11,46.51,46.7183,46.48,46.5,43.5498,148609
2019-11-12,46.51,46.66,46.46,46.46,43.5123,278158
2019-11-13,46.38,46.77,46.38,46.77,43.8027,250860
2019-11-14,46.6,46.74,46.6,46.69,43.7277,94912
2019-11-15,46.86,47.09,46.66,47.08,44.093,90515
2019-11-18,47.11,47.3,47.11,47.15,44.1585,187176
2019-11-19,47.34,47.34,47.09,47.12,44.1304,285497
2019-11-20,46.92,47.14,46.91,47.1,44.1117,362904
2019-11-21,47.01,47.05,46.81,46.9,43.9244,179188
2019-11-22,46.98,47.18,46.81,46.9,43.9244,300380
2019-11-25,47.01,47.05,46.9,46.9,43.9244,142542
2019-11-26,47.09,47.16,46.98,47.02,44.0368,234188
2019-11-27,47.09,47.15,46.94,47.15,44.1585,168759
2019-11-29,46.97,46.98,46.76,46.81,43.8401,104905
2019-12-02,46.71,46.71,46.35,46.36,43.4187,239843
2019-12-03,46.17,46.41,46.04,46.41,43.4655,199815
2019-12-04,46.45,46.68,46.42,46.68,43.7184,1366174
2019-12-05,46.57,46.71,46.52,46.66,43.6996,159008
2019-12-06,46.85,46.95,46.85,46.91,43.9338,184581
2019-12-09,46.79,46.96,46.69,46.77,43.8027,171360
2019-12-10,46.84,47.1,46.8,46.95,43.9712,347339
2019-12-11,47.19,47.46,47.01,47.4,44.3927,243079
2019-12-12,47.37,47.63,47.32,47.44,44.4301,174889
2019-12-13,47.58,47.73,47.45,47.72,44.6924,166768
2019-12-16,47.23,47.42,47.1321,47.42,45.1505,276343
2019-12-17,47.54,47.69,47.45,47.62,45.341,537956
2019-12-18,47.57,47.68,47.51,47.66,45.379,230594
2019-12-19,47.59,47.67,47.5,47.67,45.3886,137205
2019-12-20,47.72,47.97,47.58,47.97,45.6742,350718
2019-12-23,48.01,48.02,47.7,47.78,45.4933,396496
2019-12-24,47.79,47.86,47.685,47.86,45.5695,458141
2019-12-26,47.86,48.02,47.845,47.99,45.6932,344302
2019-12-27,48.16,48.21,48.07,48.08,45.7789,190282
2019-12-30,47.92,48.17,47.78,47.78,45.4933,87068
2019-12-31,47.74,47.955,47.73,47.91,45.6171,279469
2020-01-02,48.09,48.09,47.6535,47.82,45.5314,208902
2020-01-03,47.41,47.72,47.41,47.52,45.2457,312036
2020-01-06,47.52,47.75,47.497,47.68,45.3981,220940
2020-01-07,47.59,47.595,47.42,47.56,45.2838,176211
2020-01-08,47.66,47.88,47.51,47.78,45.4933,164356
2020-01-09,47.74,47.86,47.62,47.86,45.5695,154849
2020-01-10,47.95,48.105,47.92,47.97,45.6742,153566
2020-01-13,48.03,48.3,47.97,48.3,45.9884,150839
2020-01-14,48.32,48.44,48.24,48.41,46.0931,170379
2020-01-15,48.42,48.78,48.42,48.78,46.4454,334305
2020-01-16,48.92,49.03,48.88,49.02,46.674,290805
2020-01-17,49.05,49.19,48.94,49.19,46.8358,319072
2020-01-21,48.93,48.99,48.78,48.89,46.5502,248511
2020-01-22,48.99,49.0971,48.91,48.96,46.6168,214459
2020-01-23,48.79,49.1,48.76,49.1,46.7501,168135
2020-01-24,49.11,49.1945,48.84,49.01,46.6644,288834
2020-01-27,48.41,48.56,48.26,48.34,46.0265,234447
2020-01-28,48.65,48.91,48.65,48.9,46.5597,157245
2020-01-29,48.93,48.98,48.78,48.94,46.5978,601234
2020-01-30,48.6,48.99,48.5,48.95,46.6073,233292
2020-01-31,48.78,48.78,48.36,48.5,46.1788,434677
2020-02-03,48.72,48.79,48.6266,48.7,46.3693,202331
2020-02-04,49.09,49.21,48.93,49.02,46.674,406694
2020-02-05,49.22,49.38,49.21,49.31,46.9501,134235
2020-02-06,49.36,49.42,49.25,49.28,46.9215,467999
2020-02-07,49.16,49.22,48.95,48.99,46.6454,299802
2020-02-10,48.94,49.08,48.87,49.05,46.7025,145800
2020-02-11,49.26,49.479,49.26,49.42,47.0548,603120
2020-02-12,49.47,49.47,49.336,49.42,47.0548,273288
2020-02-13,49.22,49.42,49.18,49.39,47.0262,473737
2020-02-14,49.59,49.77,49.55,49.74,47.3595,116582
2020-02-18,49.7,49.86,49.67,49.85,47.4642,204353
2020-02-19,49.92,49.93,49.82,49.85,47.4642,191622
2020-02-20,49.66,49.83,49.49,49.67,47.2928,208528
2020-02-21,49.62,49.8096,49.575,49.61,47.2357,220598
2020-02-24,48.38,48.64,48.21,48.21,45.9027,420793
2020-02-25,48.33,48.38,46.98,47.06,44.8078,567754
2020-02-26,47.15,47.47,46.7625,46.78,44.5412,336554
2020-02-27,46.34,46.55,45.06,45.06,42.9035,386607
2020-02-28,43.81,44.26,42.99,44.14,42.0275,546828
2020-03-02,44.22,45.54,44.07,45.52,43.3415,1582937
2020-03-03,45.57,46.38,44.91,45.0,42.8463,2060983
2020-03-04,45.81,46.88,45.72,46.88,44.6364,392053
2020-03-05,45.85,46.19,45.38,45.48,43.3034,638777
2020-03-06,44.61,44.99,44.06,44.93,42.7797,481134
2020-03-09,42.32,42.75,40.38,40.38,38.4475,554157
2020-03-10,41.58,41.69,39.55,41.11,39.1425,1277036
2020-03-11,39.94,40.12,38.61,38.97,37.1049,1162178
2020-03-12,35.87,35.98,33.74,33.81,32.1919,1136137
2020-03-13,35.74,36.34,33.68,35.97,34.2485,1116039
2020-03-16,28.95,36.71,28.95,31.25,29.7544,1861278
2020-03-17,31.88,33.55,31.43,33.12,31.5349,1586785
2020-03-18,30.86,31.76,30.065,30.77,29.2974,1743162
2020-03-19,30.8,31.13,29.83,30.61,29.145,992825
2020-03-20,31.52,31.91,29.93,30.2,28.7547,1480092
2020-03-23,30.04,30.0893,28.19,28.86,27.4788,2058153
2020-03-24,30.17,31.82,30.03,31.58,30.0686,1203146
2020-03-25,32.03,34.0599,31.55,32.91,31.335,1236065
2020-03-26,33.37,35.445,33.23,35.1,33.4202,1470833
2020-03-27,33.86,35.025,33.46,34.13,32.4966,1514926
2020-03-30,33.82,34.54,33.525,34.54,32.887,1436735
2020-03-31,34.36,34.53,33.8301,34.15,32.5156,1248760
2020-04-01,33.12,33.17,31.93,32.13,30.5923,762896
2020-04-02,32.05,33.51,32.05,33.02,31.4397,679533
2020-04-03,33.0,33.2,31.91,32.1,30.5637,1001757
2020-04-06,33.25,34.1512,33.14,34.01,32.3823,649965
2020-04-07,35.07,35.35,33.9,33.9,32.2776,844619
2020-04-08,34.43,35.12,34.02,35.04,33.363,475151
2020-04-09,35.98,37.0,35.74,36.63,34.8769,1103520
2020-04-13,36.73,37.0,35.82,36.32,34.5818,980152
2020-04-14,36.8,37.18,36.57,37.06,35.2863,715960
2020-04-15,35.98,36.1,35.51,35.64,33.9343,626564
2020-04-16,35.85,35.99,35.2275,35.39,33.6963,827822
2020-04-17,36.41,36.88,36.19,36.76,35.0007,1152333
2020-04-20,36.08,36.51,35.755,35.84,34.1247,500751
2020-04-21,35.03,35.43,34.69,34.92,33.2488,565407
2020-04-22,35.64,35.84,35.36,35.75,34.039,722520
2020-04-23,35.95,36.14,35.33,35.38,33.6868,440306
2020-04-24,35.64,35.89,35.34,35.76,34.0486,326333
2020-04-27,36.08,36.41,35.9045,36.37,34.6294,435061
2020-04-28,36.96,37.2186,36.67,36.81,35.0483,530594
2020-04-29,37.39,37.65,37.12,37.41,35.6196,419483
2020-04-30,37.22,37.225,36.73,36.83,35.0674,528790
2020-05-01,36.27,36.28,35.71,35.86,34.1438,284832
2020-05-04,35.76,36.25,35.59,36.25,34.5151,447451
2020-05-05,36.45,36.65,36.19,36.24,34.5056,314983
2020-05-06,36.27,36.27,35.44,35.48,33.782,259600
2020-05-07,35.86,36.07,35.7,35.73,34.02,324323
2020-05-08,36.24,36.39,36.08,36.31,34.5722,147341
2020-05-11,36.13,36.43,35.9,36.32,34.5818,438186
2020-05-12,36.32,36.46,35.76,35.81,34.0962,505874
2020-05-13,35.84,35.97,34.98,35.21,33.5249,769474
2020-05-14,34.93,35.47,34.3,35.43,33.7344,501146
2020-05-15,35.24,35.45,34.92,35.29,33.6011,398116
2020-05-18,36.32,37.03,36.27,36.87,35.1054,534999
2020-05-19,36.68,36.74,36.34,36.36,34.6198,258454
2020-05-20,36.87,37.08,36.76,36.86,35.0959,192807
2020-05-21,36.87,37.0,36.5014,36.64,34.8864,558629
2020-05-22,36.51,36.84,36.29,36.84,35.0769,261212
2020-05-26,38.1,38.3556,37.95,38.07,36.248,648103
2020-05-27,38.58,38.58,38.04,38.57,36.7241,659316
2020-05-28,38.66,39.15,38.62,38.76,36.905,739217
2020-05-29,38.76,39.112,38.42,39.05,37.1811,694670
2020-06-01,39.2,39.88,39.14,39.82,37.9143,503796
2020-06-02,40.15,40.57,40.01,40.56,38.6188,339974
2020-06-03,41.0,41.65,41.0,41.59,39.5995,247571
2020-06-04,41.21,41.38,40.74,41.03,39.0663,366978
2020-06-05,41.79,42.2797,41.69,41.77,39.7709,362883
2020-06-08,42.15,42.78,42.0125,42.75,40.704,359947
2020-06-09,42.05,42.06,41.665,41.84,39.8376,212824
2020-06-10,41.68,41.73,41.23,41.3,39.3234,363294
2020-06-11,39.935,39.95,38.65,38.83,36.9716,413675
2020-06-12,39.72,39.81,38.59,39.16,37.2858,652447
2020-06-15,38.0,39.5,37.86,39.26,37.8044,253047
2020-06-16,40.31,40.31,39.19,39.47,38.0066,487225
2020-06-17,39.79,39.89,39.2579,39.36,37.9007,288930
2020-06-18,39.08,39.35,38.97,39.29,37.8333,260694
2020-06-19,39.87,39.87,38.76,38.76,37.3229,342932
2020-06-22,38.7,39.11,38.54,39.05,37.6022,272687
2020-06-23,39.36,39.41,38.92,38.95,37.5059,319333
2020-06-24,38.49,38.68,37.66,37.98,36.5718,379351
2020-06-25,37.87,38.1,37.62,38.03,36.62,198035
2020-06-26,37.93,38.015,37.33,37.47,36.0808,316764
2020-06-29,37.63,37.97,37.42,37.97,36.5622,311807
2020-06-30,37.83,38.37,37.79,38.29,36.8704,223856
2020-07-01,38.12,38.545,38.06,38.41,36.9859,459233
2020-07-02,39.12,39.3215,38.82,38.85,37.4096,508050
2020-07-06,39.38,39.49,38.76,38.98,37.5348,242453
2020-07-07,38.6,38.79,38.43,38.5,37.0726,227135
2020-07-08,38.38,38.67,38.18,38.63,37.1977,195663
2020-07-09,38.37,38.38,37.52,37.82,36.4178,228827
2020-07-10,37.75,38.21,37.72,38.21,36.7933,106164
2020-07-13,38.07,38.28,37.66,37.76,36.36,182927
2020-07-14,37.59,38.27,37.59,38.21,36.7933,717883
2020-07-15,39.08,39.31,38.95,39.01,37.5637,211273
2020-07-16,38.85,39.11,38.7276,38.97,37.5251,175862
2020-07-17,39.02,39.4,38.9,39.26,37.8044,503686
2020-07-20,39.3,39.35,39.07,39.15,37.6985,117572
2020-07-21,39.44,39.82,39.35,39.57,38.1029,629946
2020-07-22,39.39,39.83,39.22,39.81,38.334,419276
2020-07-23,39.56,39.73,39.28,39.45,37.9873,155318
2020-07-24,39.31,39.48,39.07,39.19,37.737,198590
2020-07-27,39.39,39.41,38.97,39.26,37.8044,627213
2020-07-28,39.0,39.51,38.82,39.34,37.8814,118643
2020-07-29,39.48,39.8923,39.4,39.89,38.411,330519
2020-07-30,39.26,39.5,39.0,39.5,38.0355,147045
2020-07-31,39.42,39.47,38.7,39.14,37.6888,274928
2020-08-03,39.44,39.44,39.06,39.33,37.8718,244424
2020-08-04,39.08,39.92,39.0,39.92,38.4399,209856
2020-08-05,40.0,40.2,39.75,39.76,38.2858,162831
2020-08-06,39.65,40.04,39.6,39.99,38.5073,296397
2020-08-07,39.59,40.03,39.58,40.03,38.5458,136838
2020-08-10,40.06,40.38,40.06,40.38,38.8829,197165
2020-08-11,40.88,40.8898,40.16,40.3,38.8058,334529
2020-08-12,40.68,40.95,40.5305,40.82,39.3065,252471
2020-08-13,40.68,40.81,40.371,40.56,39.0562,262058
2020-08-14,40.39,40.54,40.23,40.46,38.9599,462405
2020-08-17,40.29,40.37,40.245,40.34,38.8443,197401
2020-08-18,40.52,40.61,40.21,40.22,38.7288,633427
2020-08-19,40.3,40.38,40.0,40.08,38.594,98097
2020-08-20,39.66,39.92,39.61,39.89,38.411,146359
2020-08-21,39.67,39.9,39.6,39.9,38.4207,114871
2020-08-24,40.25,40.3,40.07,40.3,38.8058,180047
2020-08-25,40.39,40.48,39.8961,40.13,38.6421,386616
2020-08-26,39.92,40.04,39.6288,39.72,38.2473,150659
2020-08-27,39.81,39.95,39.42,39.68,38.2088,290229
2020-08-28,39.9,40.15,39.7734,40.14,38.6518,341341
2020-08-31,40.0,40.1,39.735,39.74,38.2666,308950
2020-09-01,39.67,39.83,39.51,39.71,38.2377,647317
2020-09-02,40.12,40.74,40.07,40.66,39.1525,462466
2020-09-03,40.68,40.96,39.8736,40.04,38.5555,247421
2020-09-04,40.25,40.3,39.43,39.95,38.4688,329783
2020-09-08,39.43,39.69,39.15,39.29,37.8333,234590
2020-09-09,39.68,40.16,39.68,39.87,38.3918,430926
2020-09-10,39.99,40.05,39.19,39.23,37.7755,273878
2020-09-11,39.5,39.52,39.09,39.32,37.8622,138128
2020-09-14,39.63,39.92,39.62,39.7,38.2281,209712
2020-09-15,40.06,40.2449,39.7,39.86,38.3821,892180
2020-09-16,39.93,40.27,39.84,39.88,38.4014,162821
2020-09-17,39.66,39.8594,39.5,39.83,38.3533,204382
2020-09-18,39.59,39.59,39.0,39.12,37.6696,309715
2020-09-21,38.37,38.37,37.9,38.36,36.9378,200528
2020-09-22,38.32,38.62,38.24,38.52,37.0918,185029
2020-09-23,38.76,38.78,37.81,37.87,36.4659,284505
2020-09-24,37.71,38.35,37.53,38.01,36.6007,212480
2020-09-25,37.72,38.43,37.72,38.4,36.9763,369953
2020-09-28,38.6678,38.815,38.54,38.7,37.2652,426173
2020-09-29,38.68,38.89,38.49,38.69,37.2555,442984
2020-09-30,38.75,38.94,38.49,38.58,37.1496,3312157
2020-10-01,38.64,38.87,38.53,38.81,37.3711,225343
2020-10-02,38.26,39.1,38.26,39.02,37.5733,215789
2020-10-05,39.25,39.58,39.141,39.55,38.0836,194134
2020-10-06,39.79,39.9,39.28,39.36,37.9007,220702
2020-10-07,39.65,39.82,39.52,39.72,38.2473,693196
2020-10-08,39.82,40.37,39.82,40.33,38.8347,174637
2020-10-09,40.51,40.55,40.17,40.37,38.8732,339441
2020-10-12,40.42,40.66,40.38,40.58,39.0754,231733
2020-10-13,40.26,40.26,39.95,40.09,38.6036,325767
2020-10-14,40.38,40.57,40.22,40.24,38.7481,152796
2020-10-15,39.68,40.09,39.602,39.98,38.4977,3123571
2020-10-16,39.88,40.11,39.72,39.98,38.4977,332202
2020-10-19,40.24,40.35,39.84,39.9,38.4207,123738
2020-10-20,40.33,40.67,40.255,40.45,38.9503,436773
2020-10-21,40.2,40.38,40.07,40.07,38.5844,358345
2020-10-22,40.2,40.66,40.17,40.63,39.1236,192475
2020-10-23,40.87,40.935,40.53,40.74,39.2295,2101350
2020-10-26,40.2,40.22,39.78,40.12,38.6325,423648
2020-10-27,39.92,40.01,39.7001,39.72,38.2473,295447
2020-10-28,38.86,39.03,38.39,38.45,37.0244,399184
2020-10-29,38.17,38.64,37.82,38.42,36.9955,962179
2020-10-30,38.17,38.3,37.88,38.12,36.7067,428604
2020-11-02,38.61,38.82,38.43,38.73,37.294,581018
2020-11-03,39.43,39.84,39.3885,39.66,38.1896,372398
2020-11-04,39.86,40.449,39.47,39.86,38.3821,294360
2020-11-05,40.32,40.945,40.32,40.55,39.0466,258562
2020-11-06,40.58,40.72,40.22,40.22,38.7288,275163
2020-11-09,42.8,43.23,42.15,42.32,40.7509,935530
2020-11-10,42.85,43.4439,42.72,43.38,41.7716,646822
2020-11-11,43.57,43.71,43.38,43.58,41.9642,220026
2020-11-12,43.27,43.28,42.445,42.57,40.9917,331312
2020-11-13,42.89,43.17,42.7,43.17,41.5694,301078
2020-11-16,43.57,43.7,43.42,43.67,42.0509,312030
2020-11-17,43.52,43.81,43.42,43.74,42.1183,334053
2020-11-18,43.73,43.8,43.12,43.14,41.5405,342595
2020-11-19,43.06,43.33,42.84,43.23,41.6272,322911
2020-11-20,43.32,43.45,43.18,43.28,41.6753,442346
2020-11-23,43.43,43.6188,43.3118,43.5,41.8872,191457
2020-11-24,43.9,44.3,43.7701,44.24,42.5997,475118
2020-11-25,43.96,44.15,43.86,44.11,42.4746,188708
2020-11-27,43.97,43.97,43.75,43.84,42.2146,97324
2020-11-30,43.84,43.84,43.0,43.0,41.4057,276017
2020-12-01,43.59,43.84,43.59,43.7,42.0798,331431
2020-12-02,43.7,43.98,43.43,43.95,42.3205,737248
2020-12-03,44.0,44.24,43.905,43.94,42.3109,346844
2020-12-04,44.09,44.29,43.99,44.1,42.4649,375062
2020-12-07,43.94,44.08,43.74,43.93,42.3012,304587
2020-12-08,43.72,44.04,43.65,43.88,42.2531,311935
2020-12-09,44.17,44.17,43.605,43.75,42.1279,182290
2020-12-10,43.81,44.07,43.79,44.02,42.3879,204506
2020-12-11,43.75,43.87,43.575,43.83,42.2049,303377
2020-12-14,43.62,43.735,42.86,42.86,41.8238,382250
2020-12-15,43.15,43.71,43.11,43.71,42.6532,176590
2020-12-16,43.84,43.84,43.33,43.54,42.4874,571528
2020-12-17,44.05,44.17,43.92,44.08,43.0143,269390
2020-12-18,43.87,43.87,43.39,43.46,42.4093,319553
2020-12-21,42.82,43.2,42.34,42.95,41.9116,408825
2020-12-22,42.94,43.03,42.71,42.81,41.775,244491
2020-12-23,43.18,43.36,42.8,43.21,42.1653,289931
2020-12-24,43.2,43.395,43.16,43.3,42.2532,277775
2020-12-28,43.62,43.768,43.42,43.53,42.4776,224306
2020-12-29,43.77,43.84,43.545,43.66,42.6045,286350
2020-12-30,43.73,43.97,43.66,43.83,42.7703,216804
2020-12-31,43.7,43.76,43.49,43.71,42.6532,362151
2021-01-04,44.17,44.26,43.24,43.39,42.341,325575
2021-01-05,43.28,43.92,43.21,43.78,42.7216,189096
2021-01-06,44.0,44.747,43.83,44.57,43.4925,312383
2021-01-07,44.48,44.55,44.35,44.53,43.4534,375158
2021-01-08,44.73,44.88,44.25,44.65,43.5705,440989
2021-01-11,44.04,44.23,44.02,44.17,43.1021,247592
2021-01-12,44.09,44.2853,43.87,44.27,43.1997,191799
2021-01-13,44.21,44.5,44.1657,44.41,43.3363,214099
2021-01-14,44.63,44.79,44.47,44.73,43.6486,227342
2021-01-15,44.32,44.47,44.03,44.37,43.2973,192989
2021-01-19,44.61,44.61,44.201,44.29,43.2192,456685
2021-01-20,44.44,44.65,44.29,44.6,43.5217,327656
2021-01-21,44.54,44.63,44.11,44.3,43.229,352871
2021-01-22,43.77,43.95,43.6233,43.88,42.8191,314562
2021-01-25,43.53,43.96,43.4,43.87,42.8094,335335
2021-01-26,43.98,44.05,43.645,43.92,42.8582,399751
2021-01-27,43.14,43.3,42.58,42.69,41.6579,724407
2021-01-28,43.11,43.5784,43.09,43.25,42.2044,1126178
2021-01-29,43.03,43.23,42.45,42.63,41.5994,2307542
2021-02-01,43.25,43.41,42.9406,43.15,42.1068,322514
2021-02-02,43.78,44.04,43.55,43.84,42.7801,491734
2021-02-03,43.97,44.07,43.81,43.99,42.9265,475465
2021-02-04,43.85,43.99,43.65,43.98,42.9167,257804
2021-02-05,44.28,44.43,44.16,44.43,43.3558,210942
2021-02-08,44.47,44.585,44.37,44.55,43.4729,522704
2021-02-09,44.32,44.35,44.09,44.24,43.1704,312416
2021-02-10,44.54,44.58,44.09,44.24,43.1704,276855
2021-02-11,44.46,44.46,44.09,44.2,43.1314,162265
2021-02-12,43.96,44.21,43.9,44.21,43.1412,196264
2021-02-16,44.1723,44.3,43.89,43.89,42.8289,258025
2021-02-17,43.79,43.9599,43.63,43.9,42.8386,622657
2021-02-18,43.62,43.82,43.4,43.52,42.4678,626184
2021-02-19,43.71,43.73,43.47,43.47,42.419,306590
2021-02-22,43.71,43.77,43.57,43.57,42.5166,267606
2021-02-23,43.99,44.429,43.72,44.35,43.2778,584094
2021-02-24,44.34,44.7,44.15,44.6,43.5217,246473
2021-02-25,44.52,44.5846,43.6,43.65,42.5947,646796
2021-02-26,43.85,43.85,42.99,42.99,41.9506,353750
2021-03-01,43.53,44.16,43.53,43.96,42.8972,256906
2021-03-02,43.76,43.92,43.58,43.72,42.663,272320
2021-03-03,43.55,43.69,43.29,43.4,42.3507,222307
2021-03-04,43.56,44.02,43.04,43.27,42.2239,348170
2021-03-05,43.58,43.79,43.02,43.7,42.6435,254062
2021-03-08,43.72,44.07,43.61,43.83,42.7703,477385
2021-03-09,44.25,44.32,44.09,44.15,43.0826,339503
2021-03-10,44.32,44.64,44.16,44.58,43.5022,251630
2021-03-11,44.81,45.11,44.71,44.96,43.873,311602
2021-03-12,44.87,45.26,44.83,45.26,44.1658,142489
2021-03-15,45.44,45.57,45.2052,45.56,44.4585,205327
2021-03-16,45.48,45.51,45.3,45.35,44.2536,230522
2021-03-17,45.19,45.47,45.07,45.38,44.2829,215523
2021-03-18,45.02,45.07,44.58,44.59,43.512,275373
2021-03-19,44.5,44.7899,44.28,44.54,43.4632,301979
2021-03-22,44.53,44.64,44.3803,44.48,43.4046,336112
2021-03-23,44.26,44.5599,44.16,44.26,43.1899,262009
2021-03-24,44.18,44.53,44.14,44.24,43.1704,221349
2021-03-25,44.15,44.52,43.93,44.43,43.3558,194518
2021-03-26,44.49,44.86,44.44,44.76,43.6779,303968
2021-03-29,44.8,45.0899,44.68,44.96,43.873,241898
2021-03-30,44.78,44.78,44.56,44.71,43.6291,186766
2021-03-31,44.85,45.08,44.84,45.07,43.9804,180844
2021-04-01,45.11,45.35,45.01,45.35,44.2536,187313
2021-04-05,45.59,45.86,45.5,45.86,44.7513,244253
2021-04-06,45.56,45.74,45.5,45.66,44.5561,151427
2021-04-07,45.75,45.87,45.715,45.84,44.7317,229077
2021-04-08,46.0,46.04,45.86,45.95,44.8391,184597
2021-04-09,45.95,46.05,45.8,45.91,44.8001,240077
2021-04-12,45.77,45.9,45.59,45.64,44.5366,549098
2021-04-13,45.64,46.0,45.47,45.95,44.8391,232829
2021-04-14,45.96,46.21,45.96,46.08,44.9659,358410
2021-04-15,46.17,46.44,46.0718,46.43,45.3075,176389
2021-04-16,46.51,46.62,46.4201,46.53,45.4051,220245
2021-04-19,46.78,46.8,46.46,46.55,45.4246,176783
2021-04-20,46.27,46.38,46.1,46.19,45.0733,161354
2021-04-21,46.1,46.48,46.01,46.36,45.2392,329026
2021-04-22,46.42,46.59,46.15,46.16,45.044,268586
2021-04-23,46.3,46.56,46.19,46.41,45.288,293852
2021-04-26,46.52,46.61,46.4404,46.55,45.4246,284993
2021-04-27,46.29,46.3347,46.2,46.2,45.083,694582
2021-04-28,46.67,46.67,46.16,46.46,45.3368,188953
2021-04-29,46.58,46.72,46.42,46.72,45.5905,137722
2021-04-30,46.54,46.8011,46.51,46.64,45.5124,289002
2021-05-03,46.83,47.16,46.76,47.0,45.8637,287702
2021-05-04,46.81,46.98,46.55,46.71,45.5807,271288
2021-05-05,46.96,46.96,46.765,46.91,45.7759,210652
2021-05-06,46.93,47.17,46.715,47.14,46.0003,289272
2021-05-07,47.06,47.51,46.97,47.49,46.3419,122237
2021-05-10,47.56,47.86,47.52,47.53,46.3809,193966
2021-05-11,47.17,47.24,46.88,47.24,46.0979,244727
2021-05-12,46.89,47.07,46.32,46.33,45.2099,270686
2021-05-13,46.25,46.74,46.25,46.61,45.4831,221783
2021-05-14,47.04,47.38,47.01,47.36,46.215,116391
2021-05-17,47.05,47.22,47.0201,47.13,45.9906,142582
2021-05-18,47.19,47.24,47.01,47.01,45.8735,98022
2021-05-19,46.55,46.69,46.243,46.69,45.5612,121588
2021-05-20,46.82,47.31,46.77,47.24,46.0979,104768
2021-05-21,47.19,47.36,47.019,47.21,46.0686,148379
2021-05-24,47.34,47.4,47.24,47.38,46.2345,101593
2021-05-25,47.36,47.36,46.75,46.85,45.7173,3191407
2021-05-26,46.83,46.93,46.7,46.87,45.7368,190987
2021-05-27,46.89,46.95,46.7,46.73,45.6002,285428
2021-05-28,46.96,47.03,46.87,46.98,45.8442,186765
2021-06-01,47.29,47.39,47.16,47.24,46.0979,866667
2021-06-02,47.23,47.56,47.2,47.44,46.2931,259684
2021-06-03,47.18,47.22,46.95,47.13,45.9906,178910
2021-06-04,47.47,47.49,47.29,47.44,46.2931,352382
2021-06-07,47.52,47.76,47.49,47.71,46.5565,385380
2021-06-08,47.71,47.72,47.45,47.58,46.4297,609078
2021-06-09,47.89,47.94,47.75,47.88,46.7224,107436
2021-06-10,47.19,47.32,47.0,47.21,46.73,221847
2021-06-11,47.29,47.43,47.12,47.32,46.8389,199955
2021-06-14,47.49,47.62,47.27,47.46,46.9775,277688
2021-06-15,47.47,47.64,47.41,47.64,47.1557,369261
2021-06-16,47.6091,47.86,47.155,47.26,46.7795,160607
2021-06-17,47.15,47.2573,46.77,47.01,46.5321,221919
2021-06-18,46.42,46.42,45.89,45.98,45.5125,675645
2021-06-21,46.2,46.64,46.09,46.58,46.1064,248541
2021-06-22,46.57,46.57,46.19,46.29,45.8194,98361
2021-06-23,46.26,46.26,45.9,45.95,45.4828,200407
2021-06-24,46.18,46.3,46.06,46.29,45.8194,160666
2021-06-25,46.34,46.45,46.25,46.4,45.9283,198112
2021-06-28,46.24,46.24,45.939,46.0,45.5323,268836
2021-06-29,45.8,45.85,45.505,45.54,45.077,176891
2021-06-30,45.31,45.47,45.2,45.38,44.9186,344682
2021-07-01,45.48,45.74,45.48,45.74,45.275,158490
2021-07-02,45.82,46.02,45.65,46.02,45.5521,145792
2021-07-06,46.39,46.44,45.91,46.32,45.8491,235542
2021-07-07,46.32,46.54,46.28,46.44,45.9679,201810
2021-07-08,45.94,46.24,45.9,46.07,45.6016,389691
2021-07-09,46.32,46.54,46.22,46.4,45.9283,200584
2021-07-12,46.31,46.52,46.29,46.5,46.0272,409028
2021-07-13,46.31,46.31,45.95,46.04,45.5719,303921
2021-07-14,46.25,46.25,45.93,45.99,45.5224,230724
2021-07-15,45.63,45.87,45.5,45.87,45.4037,208882
2021-07-16,46.04,46.12,45.82,45.86,45.3938,131798
2021-07-19,45.14,45.23,44.45,44.87,44.4138,553430
2021-07-20,44.66,45.05,44.58,44.93,44.4732,241365
2021-07-21,45.15,45.34,45.1,45.2,44.7405,144467
2021-07-22,45.36,45.42,45.21,45.39,44.9285,309855
2021-07-23,45.51,45.71,45.42,45.63,45.1661,131132
2021-07-26,45.59,45.9,45.59,45.9,45.4333,282931
2021-07-27,45.68,45.96,45.56,45.91,45.4432,444045
2021-07-28,46.0,46.139,45.78,46.07,45.6016,239376
2021-07-29,46.23,46.32,46.15,46.19,45.7204,105836
2021-07-30,45.976,46.2472,45.79,45.88,45.4136,214635
2021-08-02,45.94,46.17,45.86,45.9,45.4333,116350
2021-08-03,45.95,46.12,45.76,46.07,45.6016,102933
2021-08-04,45.98,46.0,45.74,45.81,45.3443,193467
2021-08-05,46.07,46.215,45.8935,46.18,45.7105,120935
2021-08-06,46.29,46.29,46.06,46.22,45.7501,144791
2021-08-09,46.02,46.12,45.7101,45.95,45.4828,130059
2021-08-10,45.88,46.01,45.75,45.9,45.4333,245127
2021-08-11,46.11,46.31,46.1,46.27,45.7996,118899
2021-08-12,46.36,46.37,46.1,46.17,45.7006,160927
2021-08-13,46.33,46.45,46.19,46.31,45.8392,368351
2021-08-16,46.24,46.49,46.1301,46.49,46.0173,128520
2021-08-17,45.99,46.1229,45.6925,46.03,45.562,151955
2021-08-18,46.13,46.2,45.92,46.04,45.5719,156644
2021-08-19,45.73,45.91,45.5284,45.67,45.2057,395790
2021-08-20,45.48,46.0,45.38,46.0,45.5323,229423
2021-08-23,46.11,46.26,46.07,46.26,45.7897,236012
2021-08-24,46.19,46.5038,46.06,46.37,45.8986,1125095
2021-08-25,46.47,46.65,46.3,46.5,46.0272,310750
2021-08-26,46.24,46.32,46.14,46.19,45.7204,169329
2021-08-27,46.34,46.71,46.3259,46.7,46.2252,164444
2021-08-30,46.51,46.66,46.47,46.64,46.1658,381710
2021-08-31,46.68,46.73,46.51,46.51,46.0371,530784
2021-09-01,46.8,47.17,46.7738,47.07,46.5915,193946
2021-09-02,47.17,47.47,47.1435,47.47,46.9874,188206
2021-09-03,47.3,47.37,47.11,47.26,46.7795,406530
2021-09-07,47.13,47.13,46.9061,46.95,46.4727,264678
2021-09-08,47.05,47.45,47.05,47.17,46.6904,256693
2021-09-09,47.0,47.16,46.81,46.99,46.5123,180271
2021-09-10,46.89,46.89,46.38,46.45,45.9778,354514
2021-09-13,46.92,47.08,46.8,46.99,46.5123,180621
2021-09-14,46.97,47.1,46.47,46.47,45.9976,154623
2021-09-15,46.46,46.7,46.3685,46.7,46.2252,316248
2021-09-16,46.46,46.46,46.1601,46.3,45.8293,136307
2021-09-17,46.33,46.49,45.9,45.9,45.4333,277970
2021-09-20,45.44,45.7499,45.07,45.55,45.0869,269679
2021-09-21,45.98,46.26,45.82,45.82,45.3542,196687
2021-09-22,46.12,46.42,46.03,46.16,45.6907,119144
2021-09-23,46.32,46.6474,46.25,46.46,45.9877,160105
2021-09-24,46.23,46.5,46.2,46.35,45.8788,186512
2021-09-27,46.47,46.74,46.42,46.48,46.0075,380729
2021-09-28,46.23,46.3218,45.67,45.91,45.4432,286053
2021-09-29,45.92,46.12,45.66,45.9,45.4333,148467
2021-09-30,45.96,46.12,45.71,45.9,45.4333,253806
2021-10-01,46.09,46.38,45.89,46.2,45.7303,164475
2021-10-04,46.32,46.63,46.22,46.6,46.1262,227328
2021-10-05,46.62,46.75,46.445,46.59,46.1163,467130
2021-10-06,46.14,46.58,45.85,46.58,46.1064,358581
2021-10-07,46.76,46.91,46.65,46.69,46.2153,180127
2021-10-08,46.74,46.83,46.58,46.8,46.3242,351940
2021-10-11,46.77,46.83,46.23,46.23,45.76,168468
2021-10-12,46.42,46.79,46.4,46.59,46.1163,191524
2021-10-13,46.69,47.05,46.52,47.05,46.5717,287009
2021-10-14,47.42,47.62,47.3,47.58,47.0963,183256
2021-10-15,47.68,47.8399,47.55,47.73,47.2447,1043122
2021-10-18,47.39,47.61,47.36,47.4,46.9181,186339
2021-10-19,47.74,47.98,47.69,47.93,47.4427,175845
2021-10-20,47.96,48.38,47.96,48.38,47.8881,167941
2021-10-21,48.09,48.19,47.83,47.95,47.4625,132625
2021-10-22,48.07,48.14,47.9167,48.08,47.5912,137596
2021-10-25,47.95,47.9909,47.83,47.88,47.3932,162792
2021-10-26,48.06,48.15,47.92,47.92,47.4328,246082
2021-10-27,47.96,48.06,47.68,47.73,47.2447,462034
2021-10-28,47.77,48.0538,47.77,48.05,47.5615,182052
2021-10-29,47.81,47.93,47.628,47.77,47.2843,254937
2021-11-01,47.9,48.23,47.88,48.23,47.7397,189145
2021-11-02,48.14,48.17,47.91,47.99,47.5021,175266
2021-11-03,47.82,48.19,47.77,47.92,47.4328,163492
2021-11-04,48.06,48.06,47.71,47.94,47.4526,131883
2021-11-05,48.1,48.4,48.1,48.4,47.9079,109690
2021-11-08,48.55,48.6,48.14,48.3,47.8089,205399
2021-11-09,48.34,48.34,48.05,48.15,47.6605,168150
2021-11-10,48.2,48.33,47.75,47.91,47.4229,390548
2021-11-11,47.8,47.8,47.6,47.6,47.1161,963567
2021-11-12,47.69,47.71,47.6,47.7,47.215,106032
2021-11-15,47.9,47.945,47.73,47.83,47.3437,168636
2021-11-16,47.71,47.81,47.4,47.4,46.9181,170669
2021-11-17,47.31,47.46,47.16,47.32,46.8389,203135
2021-11-18,47.29,47.31,47.0435,47.26,46.7795,189620
2021-11-19,46.73,46.76,46.57,46.59,46.1163,292921
2021-11-22,46.47,46.76,46.33,46.51,46.0371,267150
2021-11-23,46.68,46.865,46.67,46.77,46.2945,137490
2021-11-24,46.64,46.98,46.5,46.98,46.5024,172201
2021-11-26,46.12,46.12,45.68,45.82,45.3542,121290
2021-11-29,46.09,46.16,45.71,45.91,45.4432,259303
2021-11-30,45.86,45.87,45.18,45.35,44.8889,291890
2021-12-01,45.71,46.03,44.88,44.99,44.5326,300938
2021-12-02,45.23,45.71,45.225,45.42,44.9582,247871
2021-12-03,45.78,45.94,45.21,45.45,44.9879,185581
2021-12-06,45.96,46.41,45.762,46.3,45.8293,257895
2021-12-07,46.55,46.85,46.44,46.78,46.3044,287218
2021-12-08,46.85,46.96,46.6756,46.86,46.3836,172697
2021-12-09,46.67,46.67,46.4061,46.46,45.9877,132540
2021-12-10,46.6,46.61,46.44,46.6,46.126,164500
2021-12-13,45.84,45.95,45.67,45.84,45.84,546900
2021-12-14,45.7,45.92,45.53,45.63,45.63,311000
2021-12-15,45.77,46.18,45.52,46.18,46.18,289300
2021-12-16,46.3,46.45,46.04,46.12,46.12,426900
2021-12-17,45.93,46.1,45.7,45.71,45.71,283400
2021-12-20,45.54,45.85,45.26,45.73,45.73,1013200
2021-12-21,46.05,46.35,46.03,46.26,46.26,276200
2021-12-22,46.31,46.66,46.16,46.66,46.66,306200
2021-12-23,46.76,46.95,46.62,46.85,46.85,157500
2021-12-27,46.87,47.15,46.76,47.15,47.15,147200
2021-12-28,47.22,47.43,47.15,47.33,47.33,965700
2021-12-29,47.34,47.49,47.25,47.46,47.46,115700
2021-12-30,47.38,47.53,47.36,47.47,47.47,215300
2021-12-31,47.32,47.69,47.32,47.59,47.59,90000
2022-01-03,47.81,47.83,47.52,47.83,47.83,215500
2022-01-04,47.83,48.1,47.77,47.85,47.85,306100
2022-01-05,47.87,48.23,47.43,47.43,47.43,450000
2022-01-06,47.48,47.66,47.36,47.39,47.39,214600
2022-01-07,47.19,47.77,47.14,47.66,47.66,377100
2022-01-10,47.65,47.65,47.23,47.58,47.58,418800
2022-01-11,47.59,47.87,47.42,47.73,47.73,472900
2022-01-12,47.84,48.19,47.77,48.19,48.19,492900
2022-01-13,48.25,48.49,48.1,48.17,48.17,123000
2022-01-14,47.98,48.23,47.9,48.23,48.23,106500
2022-01-18,47.69,47.91,47.44,47.65,47.65,454000
2022-01-19,47.87,47.87,47.49,47.69,47.69,289600
2022-01-20,47.75,48.12,47.41,47.44,47.44,262300
2022-01-21,47.58,47.6,47.08,47.17,47.17,159000
2022-01-24,46.44,46.75,45.6,46.67,46.67,599700
2022-01-25,46.3,46.87,45.99,46.61,46.61,345700
2022-01-26,46.95,47.1,46.05,46.39,46.39,281200
2022-01-27,46.45,46.85,46.1,46.29,46.29,250100
2022-01-28,46.09,46.59,45.89,46.53,46.53,296000
2022-01-31,46.51,47.31,46.49,47.24,47.24,172500
2022-02-01,47.36,47.53,47.1,47.51,47.51,1274700
2022-02-02,47.62,47.86,47.49,47.85,47.85,413600
2022-02-03,47.68,47.82,47.5,47.63,47.63,369700
2022-02-04,47.4,47.68,47.09,47.47,47.47,155700
2022-02-07,47.26,47.64,47.2,47.45,47.45,164000
2022-02-08,47.57,47.79,47.5,47.78,47.78,161400
2022-02-09,48.2,48.47,48.2,48.47,48.47,522200
2022-02-10,48.0,48.54,47.7,47.96,47.96,485500
2022-02-11,47.83,48.16,47.53,47.69,47.69,210000
2022-02-14,47.45,47.45,46.83,47.12,47.12,163900
2022-02-15,47.41,47.6,47.31,47.53,47.53,278200
2022-02-16,47.54,47.9,47.44,47.67,47.67,192100
2022-02-17,47.77,47.84,47.53,47.71,47.71,365400
2022-02-18,47.46,47.68,47.21,47.34,47.34,106800
2022-02-22,47.31,47.33,46.77,47.0,47.0,194400
2022-02-23,47.26,47.31,46.55,46.63,46.63,263100
2022-02-24,46.06,46.59,45.67,46.43,46.43,349100
2022-02-25,47.01,47.88,47.01,47.85,47.85,788400
2022-02-28,47.39,48.18,47.39,48.16,48.16,1104853
2022-03-01,47.81,48.06,46.93,47.19,47.19,354331
2022-03-02,47.38,48.01,47.38,47.85,47.85,534700
2022-03-03,47.94,47.95,47.37,47.57,47.57,309200
2022-03-04,47.04,47.65,46.96,47.58,47.58,393600
2022-03-07,47.56,47.6,46.64,46.85,46.85,478600
2022-03-08,47.34,47.7,46.84,46.87,46.87,715600
2022-03-09,47.75,48.02,47.48,47.85,47.85,453200
2022-03-10,47.51,47.8,47.34,47.64,47.64,312400
2022-03-11,47.82,48.0,47.25,47.37,47.37,709200
2022-03-14,47.41,47.57,46.93,47.06,47.06,879900
2022-03-15,47.11,47.49,46.88,47.48,47.48,2375500
2022-03-16,47.93,48.0,47.13,48.0,48.0,358200
2022-03-17,48.08,48.68,47.93,48.49,48.49,360900
2022-03-18,48.4,49.0,48.24,48.93,48.93,365700
2022-03-21,48.81,49.03,48.71,48.93,48.93,174800
2022-03-22,48.97,49.25,48.82,49.12,49.12,124900
2022-03-23,48.86,49.15,48.85,49.02,49.02,287900
2022-03-24,49.13,49.66,49.05,49.66,49.66,488800
2022-03-25,49.7,50.27,49.7,50.27,50.27,191200
2022-03-28,50.01,50.18,49.79,50.17,50.17,301600
2022-03-29,50.48,50.68,50.18,50.67,50.67,490100
2022-03-30,50.79,50.99,50.72,50.95,50.95,355900
2022-03-31,50.99,51.22,50.75,50.86,50.86,626800
2022-04-01,50.86,51.31,50.81,51.31,51.31,420400
2022-04-04,51.0,51.12,50.71,51.1,51.1,176500
2022-04-05,51.06,51.46,50.72,50.89,50.89,331500
2022-04-06,50.61,51.22,50.57,51.2,51.2,741500
2022-04-07,51.23,51.36,50.8,51.24,51.24,231000
2022-04-08,51.27,51.64,51.22,51.58,51.58,102500
2022-04-11,51.4,51.54,51.01,51.01,51.01,296000
2022-04-12,51.2,51.44,51.0,51.01,51.01,294500
2022-04-13,51.14,51.5,51.07,51.5,51.5,295000
