Date,Open,High,Low,Close,Adjusted_close,Volume
2017-04-17,54.93,55.23,54.92,55.23,48.2523,10585810
2017-04-18,55.16,55.64,55.06,55.48,48.4707,11085520
2017-04-19,55.55,55.59,55.185,55.27,48.2872,7254574
2017-04-20,55.08,55.25,54.9705,55.16,48.1911,9738220
2017-04-21,55.13,55.17,54.97,55.0,48.0513,8435717
2017-04-24,55.16,55.59,55.16,55.5,48.4881,9831677
2017-04-25,55.53,55.8,55.51,55.72,48.6804,7292892
2017-04-26,55.74,55.74,55.24,55.27,48.2872,7930815
2017-04-27,55.35,55.38,55.1143,55.2,48.2261,5861399
2017-04-28,55.04,55.2,54.89,55.18,48.2086,7034843
2017-05-01,55.26,55.26,54.915,54.97,48.0251,8353940
2017-05-02,54.85,54.96,54.55,54.6,47.7019,7672102
2017-05-03,54.65,54.74,54.48,54.65,47.7455,10973850
2017-05-04,54.79,55.36,54.74,55.07,48.1125,11587680
2017-05-05,55.22,55.28,55.05,55.22,48.2435,8539495
2017-05-08,55.26,55.26,55.085,55.2,48.2261,5323425
2017-05-09,55.18,55.275,54.91,55.0,48.0513,7256877
2017-05-10,55.03,55.11,54.96,55.04,48.0863,5232283
2017-05-11,54.97,55.12,54.88,55.12,48.1562,5058934
2017-05-12,55.07,55.105,54.93,54.96,48.0164,5478808
2017-05-15,54.93,55.2,54.93,55.14,48.1736,7303665
2017-05-16,55.31,55.3866,55.05,55.09,48.1299,4797112
2017-05-17,55.0,55.2,54.86,55.01,48.0601,14021740
2017-05-18,55.03,55.18,54.87,55.05,48.095,7906570
2017-05-19,55.07,55.45,54.99,55.35,48.3571,6277618
2017-05-22,55.36,55.74,55.35,55.66,48.6279,7101778
2017-05-23,55.74,55.98,55.69,55.72,48.6804,7518524
2017-05-24,55.76,55.98,55.69,55.94,48.8726,5152943
2017-05-25,56.02,56.435,56.0,56.29,49.1783,6036649
2017-05-26,56.33,56.51,56.32,56.5,49.3618,4207602
2017-05-30,56.38,56.53,56.29,56.48,49.3443,4250927
2017-05-31,56.53,56.8,56.53,56.64,49.4841,9780138
2017-06-01,56.71,57.1,56.53,57.1,49.886,23243910
2017-06-02,57.25,57.29,56.98,57.27,50.0345,17247920
2017-06-05,57.2,57.36,57.03,57.33,50.0869,17359551
2017-06-06,57.28,57.33,57.08,57.19,49.9646,14846460
2017-06-07,57.07,57.25,57.05,57.17,49.9472,10077730
2017-06-08,57.14,57.15,56.58,56.74,49.5715,10593400
2017-06-09,56.7,56.83,56.52,56.67,49.5103,13410190
2017-06-12,56.69,56.915,56.53,56.66,49.5016,11442370
2017-06-13,56.66,56.8,56.435,56.75,49.5802,9520637
2017-06-14,56.98,57.2299,56.91,57.11,49.8947,16040220
2017-06-15,56.83,57.07,56.63,56.98,49.7812,10361110
2017-06-16,56.05,56.07,55.445,55.95,49.258,26268029
2017-06-19,56.08,56.22,55.71,56.22,49.4957,7883114
2017-06-20,56.27,56.3,55.985,56.0,49.302,7231693
2017-06-21,56.0,56.12,55.78,55.84,49.1612,12517760
2017-06-22,55.76,55.79,55.45,55.47,48.8354,7227619
2017-06-23,55.46,55.66,55.42,55.49,48.853,10146430
2017-06-26,55.66,55.89,55.61,55.71,49.0467,6590516
2017-06-27,55.6,55.76,55.22,55.23,48.6241,10585480
2017-06-28,55.56,55.67,55.41,55.43,48.8002,10734270
2017-06-29,55.36,55.51,54.64,54.84,48.2808,19058641
2017-06-30,55.05,55.145,54.925,54.94,48.3688,11222570
2017-07-03,54.98,55.205,54.87,54.89,48.3248,5782551
2017-07-05,54.88,55.0,54.79,54.85,48.2896,15837000
2017-07-06,54.66,54.83,54.53,54.54,48.0167,7942458
2017-07-07,54.59,54.7,54.36,54.51,47.9903,9841537
2017-07-10,54.56,54.56,54.06,54.13,47.6557,9119230
2017-07-11,54.18,54.2,53.86,53.98,47.5237,11256390
2017-07-12,54.32,54.47,54.24,54.28,47.7878,8100821
2017-07-13,54.35,54.41,54.24,54.29,47.7966,10008220
2017-07-14,54.54,54.7984,54.52,54.72,48.1751,6341071
2017-07-17,54.82,54.84,54.62,54.78,48.228,7902171
2017-07-18,54.74,54.87,54.61,54.78,48.228,5310799
2017-07-19,54.76,54.98,54.685,54.98,48.404,5591984
2017-07-20,54.94,55.16,54.84,54.99,48.4128,9816651
2017-07-21,54.8,55.1,54.75,55.08,48.4921,7772496
2017-07-24,55.06,55.085,54.86,54.9,48.3336,9302362
2017-07-25,55.09,55.32,55.04,55.28,48.6682,13799890
2017-07-26,55.29,55.41,55.1,55.27,48.6594,7593978
2017-07-27,55.31,55.82,55.28,55.81,49.1348,12859010
2017-07-28,55.64,55.87,54.57,55.34,48.721,18412189
2017-07-31,55.2,55.4466,55.185,55.32,48.7034,7279311
2017-08-01,55.38,55.525,55.23,55.26,48.6506,19015260
2017-08-02,55.15,55.31,54.97,55.22,48.6153,17133680
2017-08-03,55.21,55.5,55.1,55.17,48.5713,17803439
2017-08-04,55.14,55.32,54.94,55.02,48.4393,17063730
2017-08-07,55.03,55.47,55.03,55.43,48.8002,16853971
2017-08-08,55.29,55.445,55.19,55.22,48.6153,9813162
2017-08-09,55.18,55.35,55.12,55.31,48.6946,7251819
2017-08-10,55.17,55.34,55.06,55.08,48.4921,6662766
2017-08-11,54.98,55.35,54.98,55.12,48.5273,4928434
2017-08-14,55.24,55.519,55.24,55.39,48.765,10657800
2017-08-15,55.41,55.75,55.41,55.67,49.0115,11059030
2017-08-16,55.7,55.94,55.7,55.86,49.1788,5682844
2017-08-17,55.66,55.93,55.345,55.35,48.7298,6725638
2017-08-18,55.23,55.39,55.11,55.2,48.5977,6810281
2017-08-21,55.16,55.495,55.0001,55.4,48.7738,6829335
2017-08-22,55.43,55.57,55.33,55.41,48.7826,7129438
2017-08-23,55.35,55.41,55.185,55.25,48.6418,5367122
2017-08-24,55.2,55.35,54.44,54.49,47.9727,11807150
2017-08-25,54.7,54.89,54.635,54.67,48.1311,7359198
2017-08-28,54.62,54.69,54.35,54.51,47.9903,6204742
2017-08-29,54.44,54.75,54.39,54.7,48.1575,6219484
2017-08-30,54.6,54.79,54.59,54.69,48.1487,6497079
2017-08-31,54.73,54.81,54.65,54.71,48.1663,10117350
2017-09-01,54.82,54.98,54.76,54.97,48.3952,17904529
2017-09-05,54.81,55.09,54.76,55.05,48.4657,20215850
2017-09-06,55.15,55.33,55.005,55.28,48.6682,17461949
2017-09-07,55.32,55.44,55.18,55.36,48.7386,16738119
2017-09-08,55.17,55.265,54.88,55.09,48.5009,9158225
2017-09-11,55.19,55.51,55.18,55.43,48.8002,9177812
2017-09-12,55.43,55.555,55.4,55.55,48.9059,7453407
2017-09-13,55.5,55.78,55.5,55.58,48.9323,7972349
2017-09-14,55.49,55.61,55.285,55.47,48.8354,5817854
2017-09-15,55.26,55.26,54.995,55.22,48.9205,12497720
2017-09-18,55.27,55.3899,55.14,55.3,48.9914,8299356
2017-09-19,55.33,55.355,55.0,55.13,48.8408,6207650
2017-09-20,54.98,55.05,54.33,54.6,48.3713,11029250
2017-09-21,54.53,54.58,54.03,54.08,47.9106,10398660
2017-09-22,54.17,54.17,53.88,53.92,47.7688,11318160
2017-09-25,54.01,54.36,53.97,54.31,48.1143,9185443
2017-09-26,54.37,54.52,54.25,54.44,48.2295,17321439
2017-09-27,54.33,54.38,53.72,54.02,47.8574,11657800
2017-09-28,53.95,54.17,53.9,54.02,47.8574,7768204
2017-09-29,54.02,54.15,53.93,53.98,47.822,14502780
2017-10-02,53.98,54.2,53.84,53.88,47.7334,17849971
2017-10-03,53.97,54.04,53.8001,53.94,47.7865,20409189
2017-10-04,53.86,54.32,53.71,54.11,47.9372,21389240
2017-10-05,54.29,54.4875,54.21,54.35,48.1498,19005051
2017-10-06,54.08,54.17,53.74,53.81,47.6714,7605511
2017-10-09,53.88,53.955,53.56,53.66,47.5385,12580290
2017-10-10,53.88,54.27,53.82,54.13,47.9549,10646460
2017-10-11,54.1,54.39,54.1,54.24,48.0523,10316310
2017-10-12,54.2,54.52,54.15,54.47,48.2561,8096278
2017-10-13,54.68,54.71,54.53,54.57,48.3447,8315638
2017-10-16,54.51,54.62,54.49,54.59,48.3624,4349599
2017-10-17,54.45,54.5,54.22,54.39,48.1852,10375480
2017-10-18,54.33,54.405,54.155,54.32,48.1232,4668545
2017-10-19,54.07,54.115,53.85,54.03,47.8663,8544450
2017-10-20,53.93,53.96,53.73,53.9,47.7511,11702610
2017-10-23,53.86,54.13,53.785,53.86,47.7157,7326418
2017-10-24,53.82,53.8884,53.6001,53.67,47.5473,10682310
2017-10-25,53.66,53.75,53.2,53.52,47.4145,12213450
2017-10-26,53.71,53.94,53.545,53.56,47.4499,14583740
2017-10-27,53.42,53.49,52.99,53.1,47.0424,10230350
2017-10-30,52.98,53.03,52.61,52.65,46.6437,9299808
2017-10-31,52.91,53.21,52.82,53.09,47.0335,10824940
2017-11-01,53.24,53.4,53.09,53.26,47.1841,7556265
2017-11-02,53.2,53.29,52.93,53.13,47.0689,10661370
2017-11-03,53.16,53.305,53.08,53.14,47.0778,5922420
2017-11-06,53.03,53.04,52.56,52.57,46.5728,10731140
2017-11-07,52.6,53.16,52.43,53.16,47.0955,9536301
2017-11-08,53.32,53.74,53.25,53.74,47.6094,12860390
2017-11-09,53.5,53.91,53.46,53.73,47.6005,10421260
2017-11-10,53.65,54.33,53.62,54.28,48.0878,7993623
2017-11-13,54.31,54.81,54.28,54.59,48.3624,7809254
2017-11-14,54.45,54.82,54.37,54.78,48.5307,8903465
2017-11-15,54.61,54.66,54.16,54.2,48.0169,10724840
2017-11-16,54.69,55.1135,54.62,54.95,48.6813,11134190
2017-11-17,54.8,54.95,54.65,54.76,48.513,7298891
2017-11-20,54.67,54.88,54.65,54.7,48.4598,6946926
2017-11-21,54.8,55.11,54.735,54.88,48.6193,10383910
2017-11-22,54.87,54.93,54.64,54.81,48.5573,10470390
2017-11-24,54.9,54.96,54.76,54.77,48.5219,2331041
2017-11-27,54.74,54.895,54.72,54.8,48.5484,8108867
2017-11-28,54.89,55.25,54.77,55.25,48.9471,6985918
2017-11-29,55.21,55.75,55.16,55.54,49.204,14739880
2017-11-30,55.75,56.2,55.605,56.05,49.6558,14098320
2017-12-01,55.93,56.21,55.33,56.19,49.7799,29328699
2017-12-04,56.25,56.77,56.08,56.72,50.2494,22771279
2017-12-05,56.72,56.93,56.48,56.63,50.1697,22930381
2017-12-06,56.62,56.99,56.62,56.99,50.4886,16712199
2017-12-07,56.89,56.915,56.41,56.44,50.0013,7557540
2017-12-08,56.45,56.59,56.2,56.59,50.1342,8695470
2017-12-11,56.53,56.605,56.2653,56.58,50.1254,6737792
2017-12-12,56.61,56.805,56.4,56.59,50.1342,6220156
2017-12-13,56.63,57.035,56.5475,56.91,50.4177,11588970
2017-12-14,56.99,56.99,56.65,56.66,50.1962,9118159
2017-12-15,56.57,56.96,56.57,56.88,50.7654,9090857
2017-12-18,57.0,57.31,56.82,56.85,50.7386,8799565
2017-12-19,57.07,57.18,56.9099,56.92,50.8011,7888969
2017-12-20,56.97,57.02,56.48,56.82,50.7118,13813850
2017-12-21,56.93,57.02,56.72,56.78,50.6761,5553062
2017-12-22,56.86,56.955,56.8,56.87,50.7565,4218648
2017-12-26,56.83,57.12,56.79,57.0,50.8725,8506305
2017-12-27,57.08,57.2,56.91,56.99,50.8636,5992589
2017-12-28,57.07,57.14,56.76,56.9,50.7832,7291202
2017-12-29,56.9,57.19,56.88,56.89,50.7743,5085427
2018-01-02,56.95,57.02,56.53,56.54,50.4619,20146789
2018-01-03,56.63,56.72,56.47,56.52,50.4441,17950420
2018-01-04,56.67,56.9453,56.53,56.68,50.5869,15455070
2018-01-05,56.77,56.9667,56.635,56.93,50.81,15555080
2018-01-08,56.85,57.12,56.82,57.07,50.935,12891000
2018-01-09,57.14,57.269,56.98,56.99,50.8636,8357553
2018-01-10,56.85,56.86,56.325,56.71,50.6137,9663462
2018-01-11,56.82,56.82,56.525,56.63,50.5423,11500830
2018-01-12,56.72,56.92,56.5262,56.65,50.5601,7308858
2018-01-16,56.76,57.11,56.725,56.91,50.7922,13806680
2018-01-17,57.1,57.77,57.05,57.56,51.3723,12549650
2018-01-18,57.55,57.65,57.285,57.39,51.2206,12423340
2018-01-19,57.6,58.0895,57.54,58.03,51.7918,9962828
2018-01-22,58.0,58.47,57.97,58.47,52.1845,7871602
2018-01-23,58.2,58.44,58.01,58.28,52.0149,10908950
2018-01-24,58.43,58.47,58.12,58.4,52.122,16603480
2018-01-25,58.5,58.735,58.13,58.43,52.1488,12144580
2018-01-26,58.32,58.73,58.24,58.71,52.3987,6342713
2018-01-29,58.81,58.95,58.44,58.48,52.1934,10760830
2018-01-30,58.08,58.58,57.94,58.09,51.8453,10898140
2018-01-31,58.14,58.29,57.585,57.82,51.6043,13960180
2018-02-01,57.6,57.9,57.425,57.57,51.3812,14094450
2018-02-02,57.29,57.44,56.43,56.47,50.3995,15569060
2018-02-05,56.23,56.57,54.39,54.42,48.5698,39487473
2018-02-06,53.53,55.13,53.24,55.02,49.1053,38881648
2018-02-07,54.9,55.795,54.72,54.78,48.8911,17526891
2018-02-08,54.91,55.02,53.58,53.6,47.838,32928441
2018-02-09,54.01,54.1,52.66,53.71,47.9362,34912000
2018-02-12,54.02,54.52,53.89,54.26,48.427,21013580
2018-02-13,54.06,54.65,54.05,54.51,48.6502,11994500
2018-02-14,54.22,54.66,53.94,54.48,48.6234,20370529
2018-02-15,54.68,55.38,54.45,55.38,49.4266,14788930
2018-02-16,55.4,55.835,55.1,55.6,49.623,11591640
2018-02-20,55.0,55.0,54.28,54.34,48.4984,16069820
2018-02-21,54.42,54.58,53.67,53.69,47.9183,15207360
2018-02-22,53.8,54.23,53.73,53.83,48.0433,10239220
2018-02-23,53.94,54.36,53.75,54.35,48.5074,10321050
2018-02-26,54.44,54.73,54.29,54.69,48.8108,10100410
2018-02-27,54.72,54.85,53.96,53.97,48.1682,9832586
2018-02-28,54.29,54.32,53.41,53.41,47.6684,13726420
2018-03-01,53.28,53.79,52.82,53.29,47.5613,27808580
2018-03-02,53.09,53.83,52.969,53.74,47.9629,25965381
2018-03-05,53.45,54.27,53.45,54.21,48.3824,18859689
2018-03-06,54.23,54.3,53.82,54.25,48.4181,20784270
2018-03-07,53.74,53.97,53.47,53.76,47.9808,12592930
2018-03-08,53.79,54.27,53.7,54.25,48.4181,10725080
2018-03-09,54.4,54.61,54.2,54.6,48.7305,11486800
2018-03-12,54.62,54.91,54.4,54.5,48.6412,10915660
2018-03-13,54.67,54.77,54.37,54.46,48.6055,12406080
2018-03-14,54.59,54.6,53.795,53.91,48.1147,13519000
2018-03-15,53.84,54.075,53.375,53.53,47.7755,9280061
2018-03-16,53.23,53.5589,53.2,53.25,47.7922,9629082
2018-03-19,53.21,53.31,52.54,52.73,47.3255,10714820
2018-03-20,52.81,53.02,52.405,52.58,47.1908,9888178
2018-03-21,52.29,52.5,51.82,51.93,46.6075,17028490
2018-03-22,51.78,52.19,51.46,51.5,46.2215,15584090
2018-03-23,51.68,51.89,50.81,50.86,45.6471,15936410
2018-03-26,51.24,51.635,51.08,51.59,46.3023,12374650
2018-03-27,51.68,52.1,51.33,51.56,46.2754,17326789
2018-03-28,51.73,52.53,51.71,52.27,46.9126,32397520
2018-03-29,52.48,52.9501,52.48,52.63,47.2357,13395340
2018-04-02,52.47,52.57,51.11,51.34,46.0779,28604779
2018-04-03,51.57,52.15,51.41,52.02,46.6882,24860580
2018-04-04,51.69,53.02,51.63,52.83,47.4152,28012529
2018-04-05,52.92,53.17,52.64,52.96,47.5319,18235850
2018-04-06,52.8,53.225,52.16,52.42,47.0472,13113410
2018-04-09,52.58,52.92,52.24,52.39,47.0203,14686730
2018-04-10,52.69,52.78,52.2299,52.51,47.128,13154890
2018-04-11,52.36,52.675,52.3,52.41,47.0383,9025223
2018-04-12,52.63,52.79,52.3,52.33,46.9665,9843733
2018-04-13,52.55,52.69,52.33,52.59,47.1998,8836670
2018-04-16,52.73,53.46,52.66,53.16,47.7114,7804682
2018-04-17,53.3,53.41,52.99,53.28,47.8191,8131299
2018-04-18,53.24,53.36,52.78,52.88,47.4601,14496600
2018-04-19,52.16,52.2,51.08,51.35,46.0869,23643070
2018-04-20,51.23,51.4,50.34,50.49,45.3151,19102689
2018-04-23,50.53,50.58,50.2,50.43,45.2612,12344900
2018-04-24,50.52,50.58,49.76,50.11,44.974,18771500
2018-04-25,50.09,50.41,49.89,50.2,45.0548,19012480
2018-04-26,50.31,50.7,50.145,50.5,45.324,11009890
2018-04-27,50.39,50.94,50.34,50.77,45.5664,11096100
2018-04-30,50.86,51.0852,50.36,50.45,45.2792,13892710
2018-05-01,50.26,50.29,49.66,50.01,44.8843,10927130
2018-05-02,49.87,49.92,48.92,49.03,44.0047,18818930
2018-05-03,49.15,49.26,48.755,48.98,43.9598,16634631
2018-05-04,48.94,49.94,48.89,49.69,44.597,13132370
2018-05-07,49.8,49.89,49.265,49.38,44.3188,9665279
2018-05-08,49.27,49.32,48.96,49.18,44.1393,8290789
2018-05-09,49.09,49.37,48.99,49.25,44.2021,9228168
2018-05-10,49.48,49.785,49.41,49.54,44.4624,10242660
2018-05-11,49.63,49.879,49.39,49.54,44.4624,10065200
2018-05-14,49.61,49.7,49.44,49.52,44.4445,6708106
2018-05-15,49.28,49.4599,49.0599,49.33,44.2739,22686920
2018-05-16,49.48,49.8,49.41,49.68,44.5881,12151300
2018-05-17,49.83,49.97,49.68,49.85,44.7407,19572891
2018-05-18,49.73,49.81,49.35,49.54,44.4624,15664710
2018-05-21,49.73,49.92,49.6,49.75,44.6509,7928385
2018-05-22,49.84,50.09,49.57,49.66,44.5701,9383838
2018-05-23,49.55,49.89,49.48,49.84,44.7317,18136230
2018-05-24,49.84,49.925,49.545,49.8,44.6958,9843796
2018-05-25,49.81,50.2,49.74,49.88,44.7676,12913470
2018-05-29,49.7,49.99,49.55,49.77,44.6688,14959290
2018-05-30,49.96,50.555,49.8,50.47,45.2971,17628109
2018-05-31,50.38,50.43,49.47,49.66,44.5701,18602980
2018-06-01,49.8,49.89,49.53,49.66,44.5701,10944600
2018-06-04,49.76,50.13,49.76,50.07,44.9381,11665230
2018-06-05,50.11,50.14,49.68,49.84,44.7317,8980891
2018-06-06,49.86,49.9,49.55,49.9,44.7855,12071020
2018-06-07,49.77,50.47,49.7,50.21,45.0638,16618510
2018-06-08,50.23,50.86,50.23,50.83,45.6202,17081510
2018-06-11,50.87,51.35,50.87,51.25,45.9972,13199650
2018-06-12,51.28,51.38,51.01,51.35,46.0869,11362160
2018-06-13,51.34,51.42,51.03,51.19,45.9433,15696020
2018-06-14,51.25,51.32,51.06,51.28,46.0241,9751280
2018-06-15,50.84,51.57,50.74,51.54,46.6154,17217789
2018-06-18,51.37,51.39,50.56,50.79,45.9371,21627250
2018-06-19,50.6,51.154,50.57,51.06,46.1813,12639240
2018-06-20,51.21,51.22,50.885,51.11,46.2265,9562522
2018-06-21,51.18,51.375,51.065,51.21,46.317,13272680
2018-06-22,51.33,51.72,51.32,51.63,46.6968,9957674
2018-06-25,51.51,51.97,51.5,51.89,46.932,22124221
2018-06-26,51.9,52.0,51.43,51.67,46.733,14054810
2018-06-27,51.6,52.04,51.345,51.56,46.6335,19862400
2018-06-28,51.44,51.68,51.36,51.56,46.6335,13177370
2018-06-29,51.59,51.81,51.3,51.53,46.6064,13019770
2018-07-02,51.3,51.53,50.9,51.23,46.3351,13255470
2018-07-03,51.43,51.615,51.27,51.35,46.4436,7736260
2018-07-05,51.57,52.09,51.47,52.06,47.0857,11699890
2018-07-06,52.12,52.425,51.995,52.22,47.2305,12335080
2018-07-09,52.26,52.335,51.96,52.02,47.0496,15117910
2018-07-10,52.15,52.67,52.04,52.64,47.6103,15280540
2018-07-11,52.58,52.63,52.29,52.47,47.4566,11484600
2018-07-12,52.62,52.71,52.23,52.4,47.3933,11002280
2018-07-13,52.43,52.795,52.41,52.74,47.7008,14053470
2018-07-16,52.7,52.73,52.335,52.49,47.4747,10347400
2018-07-17,52.46,53.0,52.46,52.94,47.8817,14759330
2018-07-18,52.88,52.93,52.47,52.51,47.4927,10474160
2018-07-19,52.17,52.77,52.07,52.54,47.5199,15092770
2018-07-20,52.44,52.89,52.35,52.86,47.8093,17895730
2018-07-23,52.76,52.885,52.37,52.53,47.5108,13337180
2018-07-24,52.41,52.725,52.32,52.63,47.6013,15987680
2018-07-25,52.7,53.07,52.59,53.03,47.9631,15258420
2018-07-26,53.24,53.76,53.17,53.31,48.2163,15129430
2018-07-27,53.28,53.6362,53.185,53.38,48.2796,13414400
2018-07-30,53.24,53.45,53.0,53.32,48.2254,12143920
2018-07-31,53.49,53.755,53.175,53.57,48.4515,17898830
2018-08-01,53.41,53.5,53.03,53.12,48.0445,14917610
2018-08-02,53.03,53.73,53.0,53.66,48.5329,15902900
2018-08-03,53.79,54.55,53.75,54.29,49.1027,20418730
2018-08-06,54.32,54.51,54.2201,54.34,49.1479,13412050
2018-08-07,54.29,54.36,53.8233,54.01,48.8494,13766120
2018-08-08,53.98,54.02,53.58,53.6,48.4786,12591770
2018-08-09,53.61,53.7,53.37,53.44,48.3339,8047047
2018-08-10,53.28,53.46,53.13,53.24,48.153,13459230
2018-08-13,53.33,53.44,53.0,53.24,48.153,8696586
2018-08-14,53.31,53.66,53.28,53.61,48.4876,8882529
2018-08-15,53.45,53.865,53.145,53.83,48.6866,15592610
2018-08-16,54.38,54.7595,54.295,54.6,49.3831,15526120
2018-08-17,54.55,55.08,54.44,55.02,49.7629,13037650
2018-08-20,55.09,55.31,54.93,54.99,49.7358,10189550
2018-08-21,54.97,55.045,54.385,54.6,49.3831,13806260
2018-08-22,54.55,54.66,54.185,54.26,49.0755,13573890
2018-08-23,54.1,54.26,53.97,54.13,48.958,10714330
2018-08-24,54.1,54.21,53.895,54.06,48.8946,9570526
2018-08-27,54.15,54.32,53.88,54.09,48.9218,10631640
2018-08-28,54.08,54.244,53.83,53.91,48.759,12621520
2018-08-29,53.99,54.065,53.85,53.97,48.8132,8681006
2018-08-30,53.89,54.065,53.69,53.8,48.6595,11092510
2018-08-31,53.8,53.965,53.555,53.78,48.6414,10472930
2018-09-04,53.71,53.94,53.56,53.71,48.5781,9571079
2018-09-05,53.55,54.33,53.49,54.33,49.1389,14723850
2018-09-06,54.31,54.51,54.125,54.48,49.2745,12333790
2018-09-07,54.31,54.41,53.99,54.37,49.175,9247266
2018-09-10,54.5,54.88,54.5,54.56,49.3469,8361574
2018-09-11,54.49,54.545,54.24,54.36,49.166,8121575
2018-09-12,54.36,55.11,54.33,54.99,49.7358,15220030
2018-09-13,55.01,55.03,54.6,54.91,49.6634,9746491
2018-09-14,54.86,54.87,54.48,54.76,49.5278,8925214
2018-09-17,54.72,54.98,54.6,54.96,49.7087,10279570
2018-09-18,54.91,54.93,54.51,54.73,49.5006,15638470
2018-09-19,54.68,54.91,54.55,54.63,49.4102,7791898
2018-09-20,54.78,55.33,54.78,55.32,50.0343,11817830
2018-09-21,55.02,55.11,54.905,55.02,50.1149,10307920
2018-09-24,54.83,54.95,54.135,54.18,49.3497,10648720
2018-09-25,54.34,54.46,53.83,53.86,49.0583,8348587
2018-09-26,54.02,54.33,53.85,53.92,49.1129,10369930
2018-09-27,53.74,54.2,53.59,53.85,49.0492,8892818
2018-09-28,53.79,54.0,53.7399,53.93,49.122,9249865
2018-10-01,54.01,54.0899,53.83,53.89,49.0856,8725512
2018-10-02,53.86,54.315,53.73,54.2,49.368,9592449
2018-10-03,54.32,54.38,53.55,53.62,48.8397,15192930
2018-10-04,53.47,53.5678,53.09,53.49,48.7213,19963961
2018-10-05,53.38,53.65,53.36,53.44,48.6757,13903110
2018-10-08,53.39,54.245,53.39,54.18,49.3497,14908290
2018-10-09,54.2,54.315,53.93,54.06,49.2404,13477210
2018-10-10,53.88,54.29,53.32,53.41,48.6484,26121650
2018-10-11,53.26,53.54,51.92,52.09,47.4461,44523281
2018-10-12,52.31,52.555,51.92,52.38,47.7102,26263000
2018-10-15,52.23,53.08,52.23,52.7,48.0017,15892030
2018-10-16,52.83,53.37,52.635,53.29,48.5391,15468550
2018-10-17,53.24,53.66,53.05,53.54,48.7668,15837830
2018-10-18,53.6,54.08,53.3,53.47,48.703,19370260
2018-10-19,54.08,54.85,54.08,54.69,49.8143,28312359
2018-10-22,54.79,54.86,54.125,54.28,49.4408,16645730
2018-10-23,53.964,54.66,53.65,54.52,49.6594,30466631
2018-10-24,54.56,55.52,54.4,54.75,49.8689,36761859
2018-10-25,54.62,55.08,54.15,54.88,49.9873,30018199
2018-10-26,54.5,54.65,53.59,53.83,49.031,39310578
2018-10-29,54.2,54.83,53.945,54.45,49.5957,31687520
2018-10-30,54.82,55.58,54.68,55.53,50.5794,33148141
2018-10-31,55.52,55.52,54.57,55.01,50.1058,30135109
2018-11-01,55.13,55.57,54.8477,55.4,50.461,22589801
2018-11-02,55.4,55.47,54.625,55.11,50.1968,28704131
2018-11-05,55.2,55.9461,55.12,55.8,50.8253,19972279
2018-11-06,55.79,56.16,55.6,56.14,51.135,15626490
2018-11-07,56.37,56.48,55.87,56.46,51.4265,15067240
2018-11-08,56.18,56.58,56.17,56.49,51.4538,12890220
2018-11-09,56.47,57.0,56.47,56.82,51.7544,18510891
2018-11-12,56.66,56.98,56.41,56.52,51.4811,15950710
2018-11-13,56.55,56.76,56.115,56.39,51.3627,23146480
2018-11-14,56.49,56.49,55.74,56.01,51.0166,17577619
2018-11-15,55.82,55.92,55.39,55.92,50.9346,25604689
2018-11-16,55.89,56.2849,55.69,56.06,51.0621,15212780
2018-11-19,56.08,56.385,55.74,55.97,50.9802,16727180
2018-11-20,55.8,56.08,54.89,55.04,50.1331,33023199
2018-11-21,55.01,55.14,54.48,54.6,49.7323,16604570
2018-11-23,54.55,55.03,54.42,54.79,49.9054,8700837
2018-11-26,54.87,55.14,54.59,54.86,49.9691,13125450
2018-11-27,54.77,55.37,54.74,55.35,50.4154,15954380
2018-11-28,55.26,55.82,55.09,55.81,50.8344,21973730
2018-11-29,55.72,56.07,55.65,55.9,50.9164,13284960
2018-11-30,55.89,56.4,55.75,56.26,51.2443,16551869
2018-12-03,56.46,56.46,55.73,56.31,51.2899,20855750
2018-12-04,56.41,56.615,55.3301,55.36,50.4245,27634990
2018-12-06,55.18,55.44,54.245,55.42,50.4792,32514029
2018-12-07,55.37,55.5662,54.48,54.72,49.8416,23139520
2018-12-10,55.03,55.03,53.88,54.72,49.8416,44469000
2018-12-11,55.1,55.57,54.87,55.17,50.2515,25677400
2018-12-12,55.51,55.68,55.07,55.1,50.1877,18735230
2018-12-13,55.17,55.6162,55.1,55.44,50.4974,16987811
2018-12-14,55.09,55.1582,54.372,54.5,49.6412,20262680
2018-12-17,54.37,54.5,52.92,53.24,48.4935,27324211
2018-12-18,53.38,53.49,52.31,52.61,47.9197,27349680
2018-12-19,52.86,53.2756,51.86,52.1,47.4552,46289641
2018-12-20,51.87,51.89,50.68,51.17,46.6081,43414992
2018-12-21,50.72,51.83,50.18,50.18,46.1246,38484578
2018-12-24,50.05,50.22,48.69,48.73,44.7918,23086840
2018-12-26,48.83,50.09,48.33,50.09,46.0419,26670631
2018-12-27,49.78,50.61,49.0401,50.57,46.4831,35926848
2018-12-28,50.94,51.15,50.3719,50.57,46.4831,24436660
2018-12-31,50.7,50.82,50.31,50.78,46.6761,14959570
2019-01-02,50.24,50.64,49.95,50.48,46.4003,20459340
2019-01-03,50.39,50.91,50.11,50.19,46.1338,22074830
2019-01-04,50.52,51.26,50.41,51.26,47.1173,19003480
2019-01-07,51.13,51.53,50.73,51.19,47.053,15143260
2019-01-08,51.49,51.79,51.24,51.66,47.485,28273830
2019-01-09,51.65,51.7001,51.06,51.18,47.0438,15684520
2019-01-10,51.08,51.57,50.94,51.48,47.3195,32431670
2019-01-11,51.59,51.66,51.35,51.63,47.4574,11732380
2019-01-14,51.5,51.61,51.3,51.38,47.2276,7811522
2019-01-15,51.37,51.94,51.34,51.89,47.6964,11447700
2019-01-16,51.87,51.87,51.42,51.61,47.439,13484830
2019-01-17,51.53,51.935,51.47,51.83,47.6412,10196400
2019-01-18,52.13,52.61,52.07,52.45,48.2111,11957620
2019-01-22,52.31,52.41,51.55,51.97,47.7699,20877711
2019-01-23,52.37,52.74,52.12,52.59,48.3398,23804730
2019-01-24,52.31,52.32,51.585,51.94,47.7423,17727221
2019-01-25,52.1,52.31,51.66,51.73,47.5493,12920340
2019-01-28,51.62,51.97,51.445,51.95,47.7515,10996670
2019-01-29,52.05,52.18,51.84,52.07,47.8618,11500370
2019-01-30,52.12,52.54,52.0,52.42,48.1836,13934620
2019-01-31,52.43,53.53,52.31,53.39,49.0752,17886520
2019-02-01,53.55,53.55,53.0,53.22,48.9189,14423440
2019-02-04,53.21,53.56,53.11,53.56,49.2314,13367540
2019-02-05,53.6,53.71,53.42,53.57,49.2406,11296080
2019-02-06,53.42,53.67,53.42,53.58,49.2498,19006090
2019-02-07,53.35,53.58,53.17,53.54,49.213,14519000
2019-02-08,53.43,53.79,53.23,53.79,49.4428,11100070
2019-02-11,53.84,53.98,53.6944,53.93,49.5715,6876160
2019-02-12,54.04,54.51,53.96,54.35,49.9576,11694050
2019-02-13,54.45,54.62,54.325,54.45,50.0495,10809560
2019-02-14,53.88,54.08,53.55,53.84,49.4888,11388510
2019-02-15,54.1,54.45,53.8405,54.35,49.9576,12635410
2019-02-19,54.48,54.84,54.3567,54.63,50.2149,19831689
2019-02-20,54.58,54.73,54.36,54.53,50.123,14478610
2019-02-21,54.44,54.8068,54.28,54.69,50.2701,11712180
2019-02-22,54.18,54.43,54.04,54.43,50.0311,24758740
2019-02-25,54.54,54.7,54.06,54.13,49.7554,15162580
2019-02-26,54.16,54.39,54.035,54.16,49.7829,15114390
2019-02-27,54.04,54.1559,53.86,54.08,49.7094,10811600
2019-02-28,54.21,54.55,54.08,54.34,49.9484,8469392
2019-03-01,54.5,54.52,53.85,54.24,49.8565,10812210
2019-03-04,54.34,54.44,53.7313,54.15,49.7737,10113570
2019-03-05,54.14,54.29,54.01,54.11,49.737,10132430
2019-03-06,54.1,54.245,53.795,54.03,49.6634,12001070
2019-03-07,53.94,54.03,53.57,53.68,49.3417,14336060
2019-03-08,53.73,53.97,53.45,53.71,49.3693,11909340
2019-03-11,53.8,54.45,53.8,54.41,50.0127,10519250
2019-03-12,54.42,54.62,54.3,54.43,50.0311,10841810
2019-03-13,54.47,54.95,54.43,54.74,50.3161,11135270
2019-03-14,54.76,54.845,54.6,54.69,50.2701,8449574
2019-03-15,54.58,54.845,54.47,54.7,50.5544,21846920
2019-03-18,54.71,54.89,54.64,54.78,50.6284,8103717
2019-03-19,54.9,55.0201,54.535,54.74,50.5914,13359700
2019-03-20,54.71,54.82,54.33,54.51,50.3788,19832750
2019-03-21,54.41,55.23,54.41,55.15,50.9703,12699410
2019-03-22,55.07,55.44,55.0,55.08,50.9056,21007311
2019-03-25,54.98,55.33,54.85,55.19,51.0073,12538030
2019-03-26,55.38,55.855,55.34,55.66,51.4417,12808700
2019-03-27,55.66,55.82,55.19,55.47,51.2661,12740360
2019-03-28,55.6,55.89,55.58,55.74,51.5156,11920930
2019-03-29,55.84,56.165,55.69,56.11,51.8576,13888770
2019-04-01,56.22,56.23,55.825,55.92,51.682,13799450
2019-04-02,55.75,55.75,55.46,55.46,51.2568,13964970
2019-04-03,55.36,55.48,55.05,55.19,51.0073,18616471
2019-04-04,55.23,55.485,55.18,55.4,51.2014,10671340
2019-04-05,55.48,55.6099,55.33,55.59,51.377,9045198
2019-04-08,55.56,55.83,55.49,55.82,51.5896,6136908
2019-04-09,55.69,55.78,55.51,55.75,51.5249,12062350
2019-04-10,55.8,55.98,55.7475,55.91,51.6727,7060932
2019-04-11,56.0,56.13,55.82,56.02,51.7744,6444919
2019-04-12,56.06,56.24,55.885,56.2,51.9408,7635666
2019-04-15,56.18,56.575,56.17,56.53,52.2458,6504984
2019-04-16,56.63,56.73,56.32,56.54,52.255,9345071
2019-04-17,56.84,56.91,56.56,56.82,52.5138,12720200
2019-04-18,57.05,57.15,56.62,56.87,52.56,10622180
2019-04-22,56.86,57.2,56.75,56.89,52.5785,12432500
2019-04-23,56.86,56.93,56.6,56.71,52.4121,20408439
2019-04-24,56.74,57.035,56.7,56.83,52.523,8221930
2019-04-25,56.52,56.565,56.27,56.47,52.1903,9992063
2019-04-26,56.53,56.99,56.5,56.98,52.6616,8405955
2019-04-29,56.95,57.08,56.87,57.05,52.7263,7211008
2019-04-30,57.08,57.77,57.02,57.71,53.3363,15965940
2019-05-01,57.78,57.82,57.0,57.0,52.6801,11992680
2019-05-02,56.95,57.205,56.69,56.98,52.6616,13925860
2019-05-03,57.25,57.54,57.16,57.41,53.0591,13801290
2019-05-06,56.99,57.415,56.92,57.32,52.9759,10100270
2019-05-07,57.06,57.17,56.45,56.75,52.4491,20115510
2019-05-08,56.71,57.06,56.46,56.74,52.4398,11940180
2019-05-09,56.5,56.78,56.19,56.62,52.3289,23531641
2019-05-10,56.48,57.385,56.24,57.31,52.9666,14029640
2019-05-13,56.72,56.91,56.56,56.77,52.4676,13081750
2019-05-14,56.93,57.4266,56.84,57.04,52.7171,16497830
2019-05-15,56.96,57.61,56.85,57.49,53.133,9681802
2019-05-16,57.79,58.265,57.6301,57.94,53.5489,12859910
2019-05-17,57.62,58.075,57.61,57.75,53.3733,15458750
2019-05-20,57.62,57.94,57.57,57.61,53.2439,9496806
2019-05-21,57.82,57.84,57.4,57.49,53.133,8124122
2019-05-22,57.51,57.88,57.39,57.75,53.3733,11102020
2019-05-23,57.53,57.75,57.41,57.73,53.3548,17398020
2019-05-24,57.83,57.88,57.3542,57.52,53.1607,9530839
2019-05-28,57.53,57.67,56.535,56.58,52.292,14043120
2019-05-29,56.36,56.37,55.88,56.17,51.913,11455050
2019-05-30,56.28,56.53,56.15,56.41,52.1348,9770151
2019-05-31,55.97,56.05,55.52,55.61,51.3955,13450790
2019-06-03,55.69,56.42,55.68,56.31,52.0424,17060650
2019-06-04,56.66,56.83,56.4801,56.82,52.5138,16547020
2019-06-05,57.08,57.58,56.86,57.47,53.1145,15069730
2019-06-06,57.59,58.19,57.49,58.07,53.669,20769580
2019-06-07,58.27,58.86,58.27,58.63,54.1866,18860801
2019-06-10,58.71,58.78,58.47,58.65,54.2051,15341780
2019-06-11,58.82,58.985,58.69,58.84,54.3807,18109721
2019-06-12,58.95,59.27,58.84,58.93,54.4639,10921150
2019-06-13,59.07,59.24,58.72,59.06,54.584,11564630
2019-06-14,59.03,59.245,58.97,59.09,54.6117,9726115
2019-06-17,59.11,59.17,58.645,58.92,54.4546,8796634
2019-06-18,59.25,59.29,58.52,58.6,54.1589,18120641
2019-06-19,58.56,58.96,58.27,58.84,54.3807,13457170
2019-06-20,59.09,59.43,58.96,59.36,54.8613,13566320
2019-06-21,58.84,59.01,58.625,58.72,54.683,15416200
2019-06-24,58.81,59.1,58.765,58.87,54.8226,17796471
2019-06-25,58.88,58.96,58.67,58.84,54.7947,11861740
2019-06-26,58.57,58.57,57.975,58.0,54.0125,11672550
2019-06-27,58.08,58.16,57.775,58.11,54.1149,11524920
2019-06-28,58.39,58.46,57.95,58.07,54.0776,12409320
2019-07-01,58.37,58.555,58.08,58.42,54.4036,12665180
2019-07-02,58.44,58.93,58.4,58.93,54.8785,11913550
2019-07-03,59.01,59.715,58.96,59.66,55.5583,11995830
2019-07-05,59.31,59.44,58.87,59.4,55.3162,11008220
2019-07-08,59.4,59.585,59.305,59.48,55.3907,9257128
2019-07-09,59.36,59.46,58.91,59.13,55.0648,12499550
2019-07-10,59.34,59.66,59.29,59.51,55.4186,16804869
2019-07-11,59.63,59.705,59.3435,59.66,55.5583,12575290
2019-07-12,59.64,59.9676,59.64,59.83,55.7166,8731980
2019-07-15,59.93,60.07,59.77,59.97,55.847,7212607
2019-07-16,59.98,60.23,59.775,59.99,55.8656,13578990
2019-07-17,59.99,60.08,59.775,59.92,55.8004,9050086
2019-07-18,59.99,60.5,59.775,60.32,56.1729,9445260
2019-07-19,60.47,60.56,59.9,59.94,55.8191,7460398
2019-07-22,60.05,60.05,59.53,59.59,55.4931,7135087
2019-07-23,60.13,60.235,59.83,60.02,55.8936,10058260
2019-07-24,59.93,59.98,59.545,59.62,55.5211,7975850
2019-07-25,59.5,59.8,59.36,59.7,55.5956,9469200
2019-07-26,59.8,60.39,59.63,60.37,56.2195,14727930
2019-07-29,60.37,60.61,60.33,60.48,56.3219,6121309
2019-07-30,60.72,61.02,60.52,60.66,56.4896,14124040
2019-07-31,60.47,60.56,58.85,59.43,55.3441,16826760
2019-08-01,59.6,60.3,59.18,59.22,55.1486,30148240
2019-08-02,59.13,59.59,59.0,59.23,55.1579,24368721
2019-08-05,58.85,59.1,57.37,57.69,53.7238,26364779
2019-08-06,57.89,58.48,57.67,58.21,54.208,20126350
2019-08-07,57.96,59.11,57.35,58.89,54.8413,17550850
2019-08-08,58.85,59.71,58.57,59.65,55.549,24011279
2019-08-09,59.62,59.77,58.9,59.32,55.2417,10590200
2019-08-12,59.16,59.35,58.72,58.92,54.8692,11773970
2019-08-13,58.88,59.855,58.78,59.59,55.4931,13201450
2019-08-14,59.06,59.54,58.61,58.65,54.6178,17281350
2019-08-15,59.29,59.74,59.0,59.53,55.4373,14441880
2019-08-16,59.79,60.45,59.79,60.21,56.0705,18294631
2019-08-19,60.69,60.93,60.555,60.81,56.6293,13180760
2019-08-20,60.78,60.8499,60.1,60.15,56.0146,8959335
2019-08-21,60.55,60.6,60.155,60.31,56.1636,8735923
2019-08-22,60.36,60.755,60.195,60.63,56.4616,7127628
2019-08-23,60.46,60.71,59.28,59.62,55.5211,25296119
2019-08-26,60.02,60.41,59.78,60.36,56.2102,13629840
2019-08-27,60.61,60.77,60.0,60.19,56.0519,13389350
2019-08-28,60.17,60.77,60.06,60.77,56.592,12435730
2019-08-29,61.13,61.14,60.43,60.8,56.6199,9657640
2019-08-30,61.0,61.15,60.525,60.72,56.5454,8566987
2019-09-03,60.46,61.08,60.35,61.07,56.8714,15551870
2019-09-04,61.32,61.62,61.08,61.62,57.3836,12200480
2019-09-05,61.78,61.9199,61.15,61.24,57.0297,15720090
2019-09-06,61.4,61.54,61.25,61.44,57.2159,13904200
2019-09-09,61.41,61.47,61.13,61.3,57.0856,27082420
2019-09-10,61.03,61.03,60.59,60.92,56.7317,31984949
2019-09-11,60.9,61.1899,60.58,61.14,56.9366,17422189
2019-09-12,61.5,61.685,61.27,61.39,57.1694,18296199
2019-09-13,61.11,61.46,60.91,61.04,56.8434,17830529
2019-09-16,60.75,60.81,60.32,60.45,56.294,16741199
2019-09-17,60.42,61.11,60.42,60.78,56.6013,11683570
2019-09-18,60.84,60.95,60.36,60.88,56.6944,10969400
2019-09-19,60.83,60.975,60.745,60.87,56.6851,10684530
2019-09-20,60.64,60.78,60.32,60.32,56.5051,13957880
2019-09-23,60.37,60.8097,60.32,60.56,56.7299,8773667
2019-09-24,60.8,61.21,60.59,60.81,56.9641,17305930
2019-09-25,61.07,61.15,60.67,60.85,57.0016,17628500
2019-09-26,60.92,61.37,60.89,61.19,57.3201,15581550
2019-09-27,61.34,61.358,60.755,61.12,57.2545,14293980
2019-09-30,61.16,61.69,61.16,61.42,57.5355,11080930
2019-10-01,61.45,61.62,61.01,61.26,57.3856,16845910
2019-10-02,60.96,61.02,59.8,60.03,56.2334,18672730
2019-10-03,60.33,60.66,59.79,60.45,56.6269,21000410
2019-10-04,60.55,61.41,60.49,61.4,57.5168,12017330
2019-10-07,61.26,61.34,60.84,60.9,57.0484,9418609
2019-10-08,60.72,60.89,60.31,60.32,56.5051,15290820
2019-10-09,60.62,60.93,60.485,60.78,56.936,8549051
2019-10-10,60.65,61.075,60.48,60.9,57.0484,8685917
2019-10-11,61.13,61.21,60.72,60.84,56.9922,18187230
2019-10-14,60.92,60.9766,60.51,60.54,56.7112,7569968
2019-10-15,60.69,60.73,60.19,60.28,56.4676,12233270
2019-10-16,60.33,60.405,60.13,60.34,56.5238,10406310
2019-10-17,60.54,60.79,60.45,60.62,56.7861,13211140
2019-10-18,60.51,60.97,60.51,60.74,56.8985,9301249
2019-10-21,60.75,60.965,60.665,60.94,57.0859,9981664
2019-10-22,61.38,61.415,60.93,60.96,57.1046,12497010
2019-10-23,60.93,61.28,60.91,61.24,57.3669,7599184
2019-10-24,61.36,61.55,61.12,61.45,57.5636,9089533
2019-10-25,61.39,61.4,61.035,61.09,57.2264,7518628
2019-10-28,61.09,61.31,60.825,60.97,57.114,11154160
2019-10-29,60.86,61.26,60.75,60.97,57.114,10072440
2019-10-30,61.02,61.36,60.85,61.25,57.3763,7216383
2019-10-31,61.27,61.488,60.77,61.16,57.292,12628110
2019-11-01,61.27,61.38,61.02,61.15,57.2826,10231960
2019-11-04,61.22,61.252,60.37,60.56,56.7299,17082680
2019-11-05,60.48,60.89,60.29,60.76,56.9173,17192221
2019-11-06,60.86,61.16,60.685,61.01,57.1514,8284492
2019-11-07,61.08,61.09,60.6939,60.8,56.9547,9437822
2019-11-08,60.77,60.95,60.56,60.76,56.9173,7574243
2019-11-11,60.79,60.885,60.57,60.67,56.8329,5632194
2019-11-12,60.76,60.87,60.59,60.87,57.0203,7085094
2019-11-13,60.96,61.45,60.88,61.33,57.4512,9508395
2019-11-14,61.6,61.62,61.06,61.31,57.4325,8442110
2019-11-15,61.4,61.46,61.105,61.33,57.4512,7221445
2019-11-18,61.27,61.99,61.27,61.65,57.751,8615497
2019-11-19,61.74,61.84,61.44,61.57,57.676,8560914
2019-11-20,61.57,61.86,61.44,61.71,57.8072,11935880
2019-11-21,61.6,61.75,61.26,61.4,57.5168,7611141
2019-11-22,61.45,61.49,61.06,61.3,57.4231,5517052
2019-11-25,61.42,61.53,61.07,61.37,57.4887,10396520
2019-11-26,61.45,61.93,61.34,61.87,57.9571,7358892
2019-11-27,61.98,62.09,61.81,62.02,58.0976,5483250
2019-11-29,62.04,62.14,61.88,62.0,58.0788,3008494
2019-12-02,61.88,62.17,61.59,62.14,58.21,17920080
2019-12-03,62.02,62.09,61.62,62.04,58.1163,20537420
2019-12-04,61.97,62.49,61.9,62.45,58.5004,17369150
2019-12-05,62.47,62.48,62.062,62.43,58.4816,13445170
2019-12-06,62.56,62.91,62.52,62.67,58.7065,10746700
2019-12-09,62.63,62.88,62.6201,62.72,58.7533,6898808
2019-12-10,62.72,62.79,62.46,62.52,58.5659,7194326
2019-12-11,62.66,62.76,62.425,62.61,58.6503,6201740
2019-12-12,62.62,63.02,62.43,62.56,58.6034,11843820
2019-12-13,62.4,62.88,62.29,62.78,58.8095,10158290
2019-12-16,62.96,63.15,62.88,63.0,59.0156,10004620
2019-12-17,62.92,63.04,62.82,62.9,58.9219,8005483
2019-12-18,63.01,63.22,62.7,62.8,58.8282,5464078
2019-12-19,62.89,63.28,62.88,63.14,59.1467,9068128
2019-12-20,62.82,63.36,62.78,63.1,59.5933,15270570
2019-12-23,63.22,63.22,62.81,62.83,59.3383,6006541
2019-12-24,62.9,62.9898,62.8101,62.91,59.4138,1700093
2019-12-26,62.98,63.09,62.8,62.97,59.4705,8638550
2019-12-27,63.1,63.27,63.0401,63.25,59.7349,10315290
2019-12-30,63.14,63.24,62.83,62.92,59.4233,6238572
2019-12-31,62.79,63.02,62.66,62.98,59.4799,4985440
2020-01-02,63.1,63.1,62.31,62.48,59.0077,14460720
2020-01-03,62.25,62.65,62.0851,62.38,58.9133,26388930
2020-01-06,62.29,62.59,62.18,62.51,59.036,22541711
2020-01-07,62.32,62.38,61.975,62.03,58.5827,15609920
2020-01-08,62.08,62.52,61.96,62.26,58.7999,11451390
2020-01-09,62.45,62.71,62.3,62.7,59.2155,6854496
2020-01-10,62.76,62.845,62.58,62.66,59.1777,7410845
2020-01-13,62.68,63.08,62.65,63.07,59.5649,9625668
2020-01-14,62.99,63.12,62.91,63.09,59.5838,7512310
2020-01-15,63.04,63.67,63.01,63.54,60.0088,12454340
2020-01-16,63.62,63.76,63.55,63.71,60.1694,8048560
2020-01-17,63.7,63.96,63.62,63.82,60.2732,14902840
2020-01-21,63.73,64.07,63.51,64.04,60.481,11300540
2020-01-22,64.06,64.24,64.04,64.09,60.5282,8046512
2020-01-23,63.88,64.2,63.64,64.03,60.4716,14563300
2020-01-24,64.08,64.16,63.39,63.59,60.056,11935130
2020-01-27,63.05,63.69,63.01,63.39,59.8671,8748391
2020-01-28,63.43,63.6573,63.37,63.47,59.9427,7899538
2020-01-29,63.52,63.57,63.15,63.15,59.6405,8300775
2020-01-30,63.18,63.95,63.14,63.9,60.3488,13824810
2020-01-31,63.93,64.21,63.0,63.18,59.6688,15280050
2020-02-03,63.41,63.65,63.13,63.18,59.6688,21797631
2020-02-04,63.68,63.99,63.425,63.56,60.0277,14290900
2020-02-05,63.77,64.095,63.69,64.07,60.5093,20911420
2020-02-06,64.14,64.52,64.01,64.18,60.6132,9628492
2020-02-07,64.18,64.39,63.99,64.26,60.6888,14849210
2020-02-10,64.29,64.65,64.27,64.53,60.9438,7394081
2020-02-11,64.63,64.63,64.235,64.29,60.7171,8375687
2020-02-12,64.37,64.385,64.125,64.26,60.6888,8479023
2020-02-13,64.12,64.75,64.03,64.64,61.0477,7950882
2020-02-14,64.71,64.81,64.58,64.79,61.1893,5421252
2020-02-18,64.7,64.84,64.43,64.56,60.9721,6902340
2020-02-19,64.57,64.74,64.46,64.49,60.906,4971272
2020-02-20,64.38,64.59,63.94,64.54,60.9532,13397700
2020-02-21,64.36,64.79,64.34,64.65,61.0571,10027830
2020-02-24,63.77,64.26,63.085,63.16,59.6499,19892660
2020-02-25,63.2,63.505,61.805,62.02,58.5733,25721461
2020-02-26,62.21,62.775,61.635,61.67,58.2427,26066420
2020-02-27,61.12,61.67,59.15,59.16,55.8722,39092320
2020-02-28,57.81,58.0,56.04,57.99,54.7672,50978898
2020-03-02,58.11,61.135,58.11,61.09,57.695,27103061
2020-03-03,61.18,62.2,59.82,60.26,56.9111,35237520
2020-03-04,61.11,63.25,61.03,63.22,59.7066,26214330
2020-03-05,61.83,62.855,61.4,62.03,58.5827,16556301
2020-03-06,60.39,61.89,59.94,61.54,58.12,24800221
2020-03-09,58.14,60.495,58.0,58.86,55.5889,19126260
2020-03-10,60.1,60.65,57.89,60.55,57.185,28174891
2020-03-11,59.05,59.36,56.87,57.58,54.38,17760939
2020-03-12,53.89,56.71,51.91,52.17,49.2707,26713971
2020-03-13,54.77,56.63,52.76,56.61,53.4639,24835779
2020-03-16,51.35,55.565,50.78,52.77,49.8373,27436811
2020-03-17,53.79,57.45,53.67,57.22,54.04,32318051
2020-03-18,54.75,57.0,53.3,55.75,52.6517,35524848
2020-03-19,55.16,55.44,53.39,53.89,50.8951,26808119
2020-03-20,54.04,54.06,49.955,50.4,47.5991,26903721
2020-03-23,50.01,50.6,47.66,48.63,46.1908,31822221
2020-03-24,50.75,51.4,49.8,51.11,48.5464,28041779
2020-03-25,51.0,52.61,50.08,50.97,48.4134,25526400
2020-03-26,51.59,54.12,51.38,53.76,51.0635,25754061
2020-03-27,52.59,54.99,52.5,53.51,50.826,26004760
2020-03-30,54.03,55.76,54.03,55.6,52.8112,15892760
2020-03-31,55.4,55.665,54.335,54.47,51.7379,15203400
2020-04-01,52.99,54.38,52.86,53.55,50.864,11979960
2020-04-02,52.81,55.23,52.68,54.92,52.1653,14748130
2020-04-03,54.7,55.515,54.465,55.35,52.5737,15374070
2020-04-06,56.73,57.81,55.92,57.41,54.5304,14832400
2020-04-07,58.3,58.76,56.74,56.75,53.9035,22985561
2020-04-08,57.17,57.91,56.53,57.59,54.7014,13877580
2020-04-09,57.75,59.02,57.61,58.13,55.2143,20376080
2020-04-13,57.94,58.24,57.14,57.7,54.8059,10679470
2020-04-14,58.69,60.22,58.46,60.15,57.133,17745320
2020-04-15,59.35,59.72,58.7601,59.2,56.2306,12553360
2020-04-16,59.51,59.81,58.75,59.59,56.6011,14486100
2020-04-17,60.32,60.7,59.51,60.5,57.4654,12083080
2020-04-20,59.9,60.3199,59.26,59.31,56.3351,9264086
2020-04-21,58.47,58.805,57.84,58.05,55.1383,13021940
2020-04-22,58.75,58.94,58.14,58.61,55.6702,15086940
2020-04-23,58.47,58.845,57.99,58.09,55.1763,21074221
2020-04-24,58.43,58.9,58.23,58.71,55.7652,9638607
2020-04-27,59.07,59.15,58.65,58.88,55.9267,11024010
2020-04-28,59.56,59.64,58.96,59.21,56.2401,13609000
2020-04-29,59.51,59.51,58.4,58.96,56.0027,16038640
2020-04-30,58.79,58.82,57.92,58.26,55.3378,16397061
2020-05-01,57.94,58.43,57.38,57.62,54.7299,13023680
2020-05-04,57.51,57.72,57.02,57.59,54.7014,11314420
2020-05-05,57.82,58.255,57.565,57.64,54.7489,9705173
2020-05-06,57.74,57.9,56.96,57.01,54.1505,10700160
2020-05-07,57.45,57.53,56.73,56.85,53.9985,11203700
2020-05-08,57.42,58.24,57.39,58.12,55.2048,13405120
2020-05-11,57.86,58.49,57.8013,58.04,55.1288,8807213
2020-05-12,58.23,58.55,57.55,57.55,54.6634,20587311
2020-05-13,57.5,57.82,56.69,57.03,54.1695,12186850
2020-05-14,56.75,57.035,55.985,56.89,54.0365,11793810
2020-05-15,56.88,57.56,56.675,57.39,54.5114,20847891
2020-05-18,58.3,58.6,57.88,58.3,55.3758,15214100
2020-05-19,58.38,58.41,57.23,57.23,54.3594,15313180
2020-05-20,57.71,57.94,57.36,57.91,55.0053,8519553
2020-05-21,57.82,57.83,57.15,57.27,54.3974,13913920
2020-05-22,57.29,57.52,57.16,57.47,54.5874,7216407
2020-05-26,58.28,58.38,57.665,57.78,54.8818,10487160
2020-05-27,58.24,58.7,57.91,58.65,55.7082,10937850
2020-05-28,59.1,59.495,58.85,59.17,56.2021,10184560
2020-05-29,58.99,59.42,58.46,59.23,56.2591,12891050
2020-06-01,59.26,59.86,59.2287,59.64,56.6486,9101497
2020-06-02,59.74,59.83,59.34,59.8,56.8005,9837883
2020-06-03,60.06,60.16,59.86,59.88,56.8765,10155280
2020-06-04,59.76,60.07,59.27,59.59,56.6011,8973812
2020-06-05,60.03,60.73,59.86,60.42,57.3894,11502500
2020-06-08,60.43,61.1,60.22,61.07,58.0068,13094200
2020-06-09,60.84,60.93,60.2,60.57,57.5319,13735360
2020-06-10,60.71,60.88,60.28,60.4,57.3704,9877863
2020-06-11,59.75,60.12,58.04,58.11,55.1953,14738740
2020-06-12,58.91,58.92,57.615,58.12,55.2048,17837449
2020-06-15,57.58,58.87,57.19,58.79,55.8412,11366700
2020-06-16,59.95,60.02,58.94,59.71,56.715,10840340
2020-06-17,59.82,60.07,59.44,59.62,56.6296,8388420
2020-06-18,59.35,59.99,59.2731,59.93,56.924,6022734
2020-06-19,60.48,60.67,59.525,59.62,56.6296,10777650
2020-06-22,59.1,59.22,58.78,58.99,56.4676,9039672
2020-06-23,59.38,59.59,58.84,58.9,56.3814,7950967
2020-06-24,58.6,58.6,57.7,57.91,55.4338,14343240
2020-06-25,57.88,58.39,57.52,58.32,55.8262,12128870
2020-06-26,58.3,58.46,57.08,57.13,54.6871,14476540
2020-06-29,57.5,58.32,57.45,58.21,55.7209,9654292
2020-06-30,58.22,58.855,58.13,58.64,56.1325,7379844
2020-07-01,58.75,59.055,58.655,58.69,56.1804,7261597
2020-07-02,59.18,59.5708,58.87,58.99,56.4676,6857203
2020-07-06,59.44,59.58,58.95,59.28,56.7452,10091330
2020-07-07,58.96,60.145,58.92,59.82,57.2621,8160996
2020-07-08,59.95,59.99,59.415,59.67,57.1185,9327862
2020-07-09,59.59,59.75,58.86,59.2,56.6686,7672545
2020-07-10,59.27,60.41,59.26,60.29,57.712,14142790
2020-07-13,60.58,60.995,59.97,60.2,57.6258,10906170
2020-07-14,60.03,61.23,59.91,61.08,58.4682,14270060
2020-07-15,61.39,61.86,60.94,61.13,58.5161,14952750
2020-07-16,61.1,61.38,60.975,61.26,58.6405,7770231
2020-07-17,61.54,61.69,61.325,61.59,58.9564,6321685
2020-07-20,61.46,61.49,60.78,60.97,58.3629,6818583
2020-07-21,61.4,62.1572,61.33,61.5,58.8702,7847604
2020-07-22,61.69,62.08,61.06,61.99,59.3393,7022779
2020-07-23,62.2,62.46,62.0,62.21,59.5499,9467970
2020-07-24,62.31,62.83,61.83,62.13,59.4733,6809254
2020-07-27,62.07,62.45,61.94,62.44,59.77,6802002
2020-07-28,62.42,62.9785,62.39,62.67,59.9902,6699305
2020-07-29,62.65,62.9583,62.49,62.76,60.0764,7486444
2020-07-30,62.61,62.98,62.32,62.76,60.0764,10901710
2020-07-31,62.51,62.71,61.9203,62.7,60.0189,10277230
2020-08-03,62.73,62.76,62.22,62.53,59.8562,8614449
2020-08-04,62.44,63.33,62.33,63.31,60.6028,7417357
2020-08-05,63.41,63.535,63.0,63.18,60.4784,7143577
2020-08-06,63.03,63.285,62.92,63.17,60.4688,11983730
2020-08-07,63.07,63.57,63.0,63.51,60.7943,9176106
2020-08-10,63.58,63.97,63.44,63.84,61.1102,4345637
2020-08-11,64.14,64.3001,63.22,63.4,60.689,8633508
2020-08-12,63.66,64.499,63.66,64.22,61.4739,8021616
2020-08-13,64.08,64.36,63.99,64.17,61.4261,5857118
2020-08-14,64.1,64.37,63.92,64.16,61.4165,3776370
2020-08-17,64.31,64.73,64.19,64.52,61.7611,5172926
2020-08-18,64.62,64.96,64.3307,64.78,62.01,4927298
2020-08-19,64.69,64.78,64.155,64.27,61.5218,5871749
2020-08-20,63.9,64.22,63.7878,64.14,61.3974,10178890
2020-08-21,64.06,64.385,63.865,64.3,61.5505,5713949
2020-08-24,64.41,64.85,64.21,64.85,62.077,6978548
2020-08-25,65.0,65.05,64.43,64.71,61.943,4517276
2020-08-26,64.58,64.88,64.28,64.79,62.0196,5375359
2020-08-27,64.91,65.5,64.9,65.19,62.4025,8711155
2020-08-28,65.5,65.81,64.88,65.77,62.9577,6868207
2020-08-31,65.53,65.77,65.315,65.58,62.7758,7661174
2020-09-01,65.57,65.675,65.13,65.65,62.8428,9723064
2020-09-02,65.95,67.105,65.85,66.84,63.9819,11174760
2020-09-03,67.0,67.61,65.205,65.69,62.8811,26304590
2020-09-04,65.88,66.15,64.73,65.54,62.7375,15604920
2020-09-08,65.38,65.51,63.89,64.16,61.4165,16316980
2020-09-09,64.53,65.725,64.41,65.09,62.3067,12848570
2020-09-10,65.09,65.27,64.15,64.29,61.5409,11060570
2020-09-11,64.49,64.96,64.19,64.65,61.8855,10212540
2020-09-14,64.97,65.37,64.78,65.07,62.2876,6397036
2020-09-15,65.23,65.46,64.89,64.98,62.2014,5672885
2020-09-16,65.26,65.43,64.63,64.69,61.9238,7270728
2020-09-17,64.15,64.62,63.82,64.28,61.5314,10108730
2020-09-18,64.38,64.47,63.25,63.69,60.9666,9988926
2020-09-21,62.88,63.07,62.11,62.83,60.5011,11326360
2020-09-22,62.87,63.51,62.805,63.2,60.8574,7148633
2020-09-23,63.4,63.56,62.1801,62.25,59.9426,7016242
2020-09-24,62.25,63.04,61.83,62.71,60.3856,9141823
2020-09-25,62.39,63.11,62.2473,63.04,60.7034,7432117
2020-09-28,63.56,64.11,63.53,63.75,61.387,6077639
2020-09-29,63.78,63.9266,63.21,63.33,60.9826,8150441
2020-09-30,63.59,64.5,63.56,64.1,61.7241,8284207
2020-10-01,64.47,64.61,63.91,64.46,62.0707,9262892
2020-10-02,63.82,64.39,63.605,64.1,61.7241,7463060
2020-10-05,64.25,64.615,64.15,64.53,62.1381,4501173
2020-10-06,64.68,64.93,63.92,64.11,61.7337,6552884
2020-10-07,64.48,65.07,64.35,64.8,62.3981,8073123
2020-10-08,65.09,65.29,64.82,65.23,62.8122,6659207
2020-10-09,65.49,66.03,65.41,65.74,63.3033,7894676
2020-10-12,66.02,66.845,65.98,66.5,64.0351,8685591
2020-10-13,66.3,66.65,66.14,66.45,63.987,7505697
2020-10-14,66.44,66.7117,65.84,66.11,63.6596,6566256
2020-10-15,65.63,66.325,65.57,66.15,63.6981,6649980
2020-10-16,66.35,66.71,66.15,66.17,63.7173,6701213
2020-10-19,66.17,66.45,65.13,65.31,62.8892,7733956
2020-10-20,65.95,66.08,65.11,65.24,62.8218,7660211
2020-10-21,65.17,65.67,65.14,65.3,62.8796,7013914
2020-10-22,65.31,65.49,64.96,65.27,62.8507,7779661
2020-10-23,65.5,65.65,65.19,65.39,62.9663,5094101
2020-10-26,64.89,65.02,63.9817,64.55,62.1574,9352339
2020-10-27,64.59,64.94,64.345,64.38,61.9937,5331369
2020-10-28,63.46,63.79,62.43,62.5,60.1834,10980600
2020-10-29,62.34,63.1,61.715,62.48,60.1641,8942690
2020-10-30,62.24,62.54,61.49,62.26,59.9523,10093310
2020-11-02,63.15,63.54,62.76,63.25,60.9056,10935090
2020-11-03,63.89,64.875,63.81,64.29,61.907,20578760
2020-11-04,64.65,65.405,64.24,64.32,61.9359,25605869
2020-11-05,65.07,65.3999,64.61,64.79,62.3885,13919540
2020-11-06,64.89,65.42,64.805,65.09,62.6774,12703580
2020-11-09,66.64,67.28,64.85,64.94,62.5329,15142820
2020-11-10,64.93,66.4,64.88,66.22,63.7655,15134570
2020-11-11,66.6,67.075,66.15,66.79,64.3144,10382140
2020-11-12,66.61,66.79,66.05,66.61,64.141,8945870
2020-11-13,66.86,67.617,66.66,67.53,65.0269,6167265
2020-11-16,68.15,68.18,67.63,68.15,65.624,12956030
2020-11-17,67.64,68.065,67.47,67.67,65.1617,8148092
2020-11-18,67.77,68.0076,66.73,66.74,64.2662,7607802
2020-11-19,66.56,67.02,66.395,66.92,64.4395,8830197
2020-11-20,66.82,67.11,66.44,66.5,64.0351,4663421
2020-11-23,66.62,66.7194,66.114,66.52,64.0544,5825336
2020-11-24,66.92,67.2,66.77,66.97,64.4877,6064942
2020-11-25,66.94,67.2,66.84,66.93,64.4492,5245413
2020-11-27,67.1,67.1,66.72,66.92,64.4395,3228570
2020-11-30,66.75,66.98,66.23,66.91,64.4299,11582090
2020-12-01,67.21,67.57,67.08,67.5,64.998,12126240
2020-12-02,67.27,67.59,66.72,66.94,64.4588,11392180
2020-12-03,66.77,67.23,66.76,67.11,64.6225,10951370
2020-12-04,67.17,67.64,67.09,67.63,65.1232,11055790
2020-12-07,67.5,67.61,67.05,67.37,64.8729,9466348
2020-12-08,67.13,67.88,66.985,67.74,65.2292,7090952
2020-12-09,67.84,67.87,67.29,67.47,64.9692,10420080
2020-12-10,67.45,67.62,67.0,67.17,64.6803,5723441
2020-12-11,66.91,67.505,66.89,67.32,64.8247,5000806
2020-12-14,67.65,67.905,67.04,67.06,64.5744,6663423
2020-12-15,67.35,67.545,67.135,67.22,64.7284,6121300
2020-12-16,67.27,67.67,67.11,67.35,64.8536,10505830
2020-12-17,67.59,67.86,67.57,67.78,65.2677,4673406
2020-12-18,67.88,68.08,67.405,67.93,65.4121,6980529
2020-12-21,66.62,66.7733,65.945,66.64,64.7076,8255571
2020-12-22,66.61,66.61,66.06,66.17,64.2512,9107878
2020-12-23,66.37,66.645,66.235,66.39,64.4648,4302588
2020-12-24,66.44,66.7577,66.28,66.72,64.7852,1954906
2020-12-28,66.97,67.45,66.9,67.25,65.2999,6315355
2020-12-29,67.42,67.605,66.88,67.05,65.1057,4993578
2020-12-30,67.13,67.21,66.9,66.98,65.0377,7359939
2020-12-31,67.05,67.55,66.715,67.45,65.4941,6062326
2021-01-04,67.42,67.4425,65.92,66.72,64.7852,12992630
2021-01-05,66.62,66.865,66.1,66.72,64.7852,10871870
2021-01-06,66.59,67.1,66.48,66.77,64.8338,14206670
2021-01-07,66.82,66.98,66.3,66.57,64.6396,13963540
2021-01-08,66.62,66.96,66.25,66.9,64.96,17960850
2021-01-11,66.53,66.97,66.215,66.33,64.4065,9648777
2021-01-12,66.33,66.48,65.83,66.11,64.1929,11089460
2021-01-13,66.04,66.46,66.01,66.21,64.29,8337475
2021-01-14,66.27,66.3,65.78,65.86,63.9502,11549050
2021-01-15,65.62,65.92,65.36,65.63,63.7268,13260270
2021-01-19,65.85,65.98,65.285,65.34,63.4453,8130797
2021-01-20,65.32,65.62,64.88,65.46,63.5618,10700710
2021-01-21,65.355,65.41,65.13,65.24,63.3482,8461251
2021-01-22,65.19,65.475,64.92,65.07,63.1831,8329329
2021-01-25,64.87,65.945,64.84,65.72,63.8142,17486199
2021-01-26,65.8,66.44,65.5,66.31,64.3871,9304200
2021-01-27,65.94,66.83,65.03,65.19,63.2996,17826869
2021-01-28,65.32,66.17,65.13,65.44,63.5424,19925859
2021-01-29,65.19,65.21,64.06,64.09,62.2315,19374811
2021-02-01,64.36,64.5,63.94,64.15,62.2898,13283500
2021-02-02,64.4,65.1,64.21,64.58,62.7073,13278380
2021-02-03,64.43,64.835,64.245,64.68,62.8044,9542039
2021-02-04,64.74,65.165,64.6,65.15,63.2608,7292368
2021-02-05,65.55,65.9577,65.52,65.76,63.8531,8889285
2021-02-08,65.97,66.16,65.58,66.01,64.0958,9412236
2021-02-09,66.02,66.185,65.77,65.95,64.0376,12345520
2021-02-10,66.26,66.41,65.73,65.88,63.9696,6957185
2021-02-11,65.95,65.97,65.49,65.59,63.688,7478535
2021-02-12,65.53,65.765,65.365,65.69,63.7851,7131815
2021-02-16,65.81,65.86,65.34,65.57,63.6686,9246566
2021-02-17,65.32,65.945,65.24,65.81,63.9016,8887385
2021-02-18,65.22,65.9365,65.17,65.77,63.8628,7465429
2021-02-19,65.82,65.83,64.88,64.94,63.0569,10246240
2021-02-22,64.77,65.17,64.64,65.0,63.1151,8649582
2021-02-23,65.21,65.64,64.86,65.09,63.2025,12743370
2021-02-24,64.92,65.26,64.73,65.05,63.1637,9103992
2021-02-25,64.95,65.32,64.202,64.34,62.4743,17558539
2021-02-26,64.47,64.47,63.28,63.3,61.4644,17718480
2021-03-01,63.75,64.46,63.73,63.94,62.0859,11264330
2021-03-02,63.87,64.32,63.8,63.83,61.979,12942750
2021-03-03,63.66,64.025,63.49,63.53,61.6877,13450880
2021-03-04,63.66,64.43,62.99,63.3,61.4644,25968680
2021-03-05,63.57,64.89,63.325,64.7,62.8238,21719461
2021-03-08,64.72,65.67,64.61,64.98,63.0957,18946971
2021-03-09,65.2,65.51,64.87,64.92,63.0374,17259570
2021-03-10,64.97,66.055,64.76,65.77,63.8628,15827670
2021-03-11,65.84,66.04,65.54,65.61,63.7074,12386460
2021-03-12,65.85,66.235,65.795,66.15,64.2318,10518240
2021-03-15,66.388,66.5,66.04,66.44,64.5134,8384558
2021-03-16,66.36,66.73,66.36,66.52,64.591,13550250
2021-03-17,66.55,66.82,66.195,66.42,64.4939,12254150
2021-03-18,66.25,66.52,65.83,66.15,64.2318,14497550
2021-03-19,66.22,66.5598,66.06,66.38,64.4551,20807119
2021-03-22,65.91,66.76,65.86,66.72,65.1355,14499460
2021-03-23,66.71,67.31,66.53,67.0,65.4088,13216340
2021-03-24,66.84,67.17,66.585,66.74,65.155,15831100
2021-03-25,66.83,67.47,66.5,67.39,65.7896,14763960
2021-03-26,67.47,68.62,67.275,68.58,66.9513,15098560
2021-03-29,68.38,69.335,68.35,69.27,67.6249,11857270
2021-03-30,69.14,69.21,68.4,68.53,66.9025,14042730
2021-03-31,68.5,68.78,68.16,68.31,66.6877,18241131
2021-04-01,68.04,68.33,67.53,67.98,66.3656,21191770
2021-04-05,68.27,69.22,68.15,68.85,67.2149,20093000
2021-04-06,68.73,69.4,68.68,69.14,67.498,19302199
2021-04-07,69.26,69.35,68.88,68.97,67.3321,20763859
2021-04-08,68.94,69.18,68.86,69.04,67.4004,10244790
2021-04-09,69.05,69.205,68.5,68.92,67.2832,7020455
2021-04-12,69.01,69.3,68.915,69.29,67.6445,10117930
2021-04-13,68.99,69.18,68.83,68.92,67.2832,11982800
2021-04-14,68.88,68.96,68.57,68.86,67.2247,12087520
2021-04-15,69.02,69.52,69.02,69.41,67.7616,7714920
2021-04-16,69.7,69.95,69.43,69.81,68.1521,7810039
2021-04-19,69.82,69.96,69.32,69.54,67.8885,10867370
2021-04-20,69.05,70.14,68.95,69.92,68.2595,13168950
2021-04-21,70.0,70.47,70.0,70.27,68.6012,10794940
2021-04-22,70.15,70.19,69.6,69.75,68.0935,10762900
2021-04-23,69.61,69.79,69.29,69.57,67.9178,9133794
2021-04-26,69.53,69.53,68.69,68.79,67.1563,8750052
2021-04-27,68.75,68.885,68.44,68.74,67.1075,10078890
2021-04-28,69.02,69.18,68.71,68.79,67.1563,7925308
2021-04-29,68.76,69.63,68.76,69.52,67.869,9202883
2021-04-30,69.52,69.61,69.24,69.58,67.9276,10784800
2021-05-03,69.73,70.41,69.66,70.15,68.484,12671490
2021-05-04,70.0,70.2685,69.57,69.79,68.1326,11147280
2021-05-05,69.77,69.87,69.45,69.74,68.0838,8726230
2021-05-06,69.87,70.66,69.87,70.64,68.9624,10192050
2021-05-07,70.53,70.855,70.3597,70.64,68.9624,9841789
2021-05-10,70.94,71.64,70.88,71.18,69.4896,10558650
2021-05-11,71.21,71.36,70.24,70.56,68.8843,14385700
2021-05-12,70.4,70.48,69.61,69.62,67.9666,13223130
2021-05-13,69.61,70.92,69.53,70.6,68.9233,18497980
2021-05-14,70.87,71.335,70.83,70.91,69.226,9672566
2021-05-17,70.95,71.255,70.66,70.81,69.1284,10697350
2021-05-18,70.89,71.17,70.55,70.59,68.9136,11169180
2021-05-19,70.25,70.46,69.86,70.36,68.689,13709690
2021-05-20,70.37,71.26,70.33,71.01,69.3236,11336450
2021-05-21,71.19,71.48,70.89,71.02,69.3334,7779569
2021-05-24,71.11,71.48,70.97,71.23,69.5384,6535992
2021-05-25,71.28,71.31,70.82,71.25,69.5579,8271854
2021-05-26,71.29,71.36,70.965,71.1,69.4115,10622580
2021-05-27,71.22,71.45,70.59,70.66,68.9819,12693910
2021-05-28,70.77,71.105,70.76,70.81,69.1284,8476372
2021-06-01,71.08,71.26,70.33,70.57,68.8941,8894050
2021-06-02,70.67,70.955,70.5,70.83,69.1479,6411362
2021-06-03,70.62,71.33,70.62,71.27,69.5774,9409968
2021-06-04,71.48,71.685,71.29,71.52,69.8215,6078231
2021-06-07,71.53,71.62,71.08,71.4,69.7043,7307053
2021-06-08,71.42,71.51,70.785,70.8,69.1186,8545311
2021-06-09,70.67,71.02,70.44,70.46,68.7867,8273863
2021-06-10,70.59,71.075,70.56,70.9,69.2162,8213077
2021-06-11,71.04,71.07,70.6,70.94,69.2553,6232513
2021-06-14,70.88,70.92,70.465,70.9,69.2162,10449380
2021-06-15,70.96,71.12,70.664,70.73,69.0503,5151605
2021-06-16,70.75,70.83,69.77,69.79,68.1326,10507100
2021-06-17,69.8,70.19,69.61,70.04,68.3766,9239730
2021-06-18,69.56,69.65,68.78,68.8,67.1661,16882480
2021-06-21,68.76,69.21,68.72,69.14,67.9361,14278430
2021-06-22,69.15,69.53,69.0417,69.24,68.0343,8351059
2021-06-23,69.18,69.19,68.81,68.81,67.6118,7072865
2021-06-24,68.83,69.23,68.77,69.15,67.9459,6343771
2021-06-25,69.19,69.76,69.065,69.68,68.4667,9241292
2021-06-28,69.73,69.93,69.585,69.74,68.5256,7570632
2021-06-29,69.78,69.9,69.32,69.43,68.221,13155420
2021-06-30,69.58,70.0592,69.55,69.97,68.7516,8815138
2021-07-01,70.0,70.17,69.65,69.76,68.5453,11633080
2021-07-02,69.92,70.14,69.83,69.93,68.7123,20733311
2021-07-06,69.77,69.8,69.31,69.64,68.4274,7595657
2021-07-07,69.62,70.275,69.61,70.01,68.7909,7880556
2021-07-08,69.68,70.06,69.48,69.75,68.5355,9212884
2021-07-09,70.02,70.275,69.88,70.15,68.9285,6287124
2021-07-12,70.03,70.14,69.771,70.04,68.8204,7384238
2021-07-13,70.02,70.45,69.875,70.02,68.8008,12057920
2021-07-14,70.11,70.74,70.01,70.64,69.41,7616097
2021-07-15,70.53,70.94,70.325,70.93,69.6949,8662510
2021-07-16,71.05,71.31,70.95,71.04,69.803,8634370
2021-07-19,70.8,71.27,70.2,70.83,69.5966,20734490
2021-07-20,70.82,71.54,70.66,70.85,69.6163,20405250
2021-07-21,71.18,71.235,70.65,70.67,69.4394,9366680
2021-07-22,70.49,70.74,70.1,70.55,69.3215,9632121
2021-07-23,70.57,71.49,70.47,71.4,70.1567,9732614
2021-07-26,71.29,71.63,71.115,71.52,70.2746,5952169
2021-07-27,71.5,71.98,71.27,71.67,70.422,14720770
2021-07-28,71.5,71.59,70.89,71.04,69.803,9114115
2021-07-29,71.3,71.5899,71.23,71.39,70.1469,8811096
2021-07-30,71.5,71.88,71.4,71.51,70.2648,10403740
2021-08-02,71.51,71.58,71.13,71.21,69.97,12050100
2021-08-03,71.23,71.66,71.06,71.53,70.2845,8647748
2021-08-04,71.28,71.46,70.55,70.6,69.3707,8886513
2021-08-05,70.97,71.09,70.765,70.94,69.7047,7063013
2021-08-06,71.1,71.23,70.81,70.94,69.7047,13492350
2021-08-09,71.17,71.32,71.005,71.2,69.9602,9055182
2021-08-10,71.34,71.74,71.22,71.71,70.4613,11291750
2021-08-11,71.89,72.24,71.83,71.95,70.6971,14992790
2021-08-12,71.99,72.04,71.78,71.91,70.6578,6432131
2021-08-13,72.0,72.58,71.89,72.51,71.2474,8808600
2021-08-16,72.51,72.95,72.38,72.93,71.6601,7903158
2021-08-17,72.8,73.25,72.63,72.97,71.6994,15666040
2021-08-18,72.83,72.945,72.01,72.06,70.8052,10669390
2021-08-19,71.74,72.785,71.7,72.64,71.3751,13035570
2021-08-20,72.63,73.05,72.36,72.76,71.493,10454480
2021-08-23,72.77,72.9,72.5,72.53,71.267,8794517
2021-08-24,72.49,72.51,71.88,71.98,70.7266,8494246
2021-08-25,71.93,72.03,71.61,71.86,70.6087,8007585
2021-08-26,71.76,71.81,71.29,71.53,70.2845,13077960
2021-08-27,71.6,71.905,71.365,71.78,70.5301,9126224
2021-08-30,71.8,72.165,71.7299,72.1,70.8445,5645819
2021-08-31,72.16,72.34,71.98,72.26,71.0017,8037108
2021-09-01,72.32,72.71,72.195,72.64,71.3751,8399323
2021-09-02,72.79,73.04,72.66,72.92,71.6503,6623255
2021-09-03,72.7,72.935,72.49,72.83,71.5618,6011766
2021-09-07,72.71,72.71,71.94,71.99,70.7364,9206272
2021-09-08,71.9,72.69,71.86,72.61,71.3457,10662930
2021-09-09,72.54,72.56,72.12,72.19,70.933,7741475
2021-09-10,72.33,72.36,71.74,71.88,70.6284,10270190
2021-09-13,72.16,72.68,71.8875,72.06,70.8052,13798060
2021-09-14,72.24,72.29,71.61,71.73,70.481,9145485
2021-09-15,71.73,72.115,71.56,71.99,70.7364,8824670
2021-09-16,71.9,72.12,71.15,71.75,70.5006,9789850
2021-09-17,71.56,71.82,71.35,71.36,70.1174,13149980
2021-09-20,70.43,70.84,69.67,70.21,69.4174,17880721
2021-09-21,70.41,70.97,69.995,70.13,69.3383,11140500
2021-09-22,70.59,70.77,70.19,70.33,69.5361,10026010
2021-09-23,70.43,70.91,70.36,70.59,69.7931,8440457
2021-09-24,70.49,70.93,70.49,70.62,69.8228,6717401
2021-09-27,70.51,70.84,70.24,70.3,69.5064,8467099
2021-09-28,70.11,70.1901,69.22,69.47,68.6858,14982980
2021-09-29,69.61,70.46,69.46,70.1,69.3087,13329570
2021-09-30,70.27,70.33,68.81,68.84,68.0629,16260420
2021-10-01,69.05,69.35,68.37,69.02,68.2409,15889230
2021-10-04,69.0,69.49,68.32,68.8,68.0233,20351650
2021-10-05,68.97,69.455,68.82,69.15,68.3694,16186330
2021-10-06,68.79,69.89,68.71,69.82,69.0318,14910180
2021-10-07,70.17,70.75,70.075,70.13,69.3383,8396819
2021-10-08,70.18,70.34,69.92,70.05,69.2592,7285705
2021-10-11,70.16,70.41,69.97,70.03,69.2395,8218354
2021-10-12,70.09,70.6,69.905,70.06,69.2691,12401220
2021-10-13,70.13,70.38,69.585,70.19,69.3976,9548277
2021-10-14,70.45,71.09,70.4,70.98,70.1787,9975213
2021-10-15,71.22,71.245,70.605,70.81,70.0106,11575230
2021-10-18,70.5,70.72,70.02,70.39,69.5954,10043300
2021-10-19,70.27,70.43,69.93,70.42,69.6251,10203060
2021-10-20,70.49,71.07,70.43,70.83,70.0304,8829799
2021-10-21,70.93,70.9867,70.66,70.74,69.9414,7976583
2021-10-22,70.88,71.4,70.82,71.29,70.4852,9575787
2021-10-25,71.24,71.395,70.74,71.24,70.4358,6844587
2021-10-26,71.25,71.67,71.2,71.49,70.683,8805735
2021-10-27,71.86,71.91,71.04,71.07,70.2677,10335100
2021-10-28,71.09,71.35,70.97,71.32,70.5149,8614806
2021-10-29,71.14,71.53,71.07,71.25,70.4457,8105319
2021-11-01,71.4,71.52,71.105,71.36,70.5544,7033899
2021-11-02,71.4,72.0,71.19,71.84,71.029,9942655
2021-11-03,71.85,72.51,71.8,72.51,71.6915,10471140
2021-11-04,72.25,72.643,72.06,72.58,71.7607,11701780
2021-11-05,72.86,73.12,72.72,73.0,72.1759,9929095
2021-11-08,73.03,73.08,72.08,72.42,71.6025,12813580
2021-11-09,72.44,72.74,72.2,72.67,71.8497,13527560
2021-11-10,72.74,73.08,72.605,72.89,72.0672,11350550
2021-11-11,72.94,72.98,72.67,72.84,72.0177,6319124
2021-11-12,72.99,73.18,72.72,72.84,72.0177,7469917
2021-11-15,72.97,73.265,72.83,73.19,72.3638,6381465
2021-11-16,73.14,73.38,72.7,72.73,71.909,6562151
2021-11-17,72.66,72.795,72.445,72.57,71.7508,10444910
2021-11-18,72.38,72.48,71.9647,72.31,71.4937,11270220
2021-11-19,72.47,72.49,72.01,72.05,71.2367,11924030
2021-11-22,72.14,73.12,72.06,72.62,71.8002,13425800
2021-11-23,72.63,73.22,72.51,73.1,72.2748,13405650
2021-11-24,73.0,73.11,72.5499,72.88,72.0573,9556367
2021-11-26,72.39,72.72,71.7,71.96,71.1477,11715560
2021-11-29,72.04,72.42,71.68,72.14,71.3256,13646620
2021-11-30,71.69,71.75,70.14,70.29,69.4965,23715131
2021-12-01,70.77,71.3601,69.92,69.95,69.1604,22902449
2021-12-02,70.19,71.14,70.19,70.69,69.892,18704010
2021-12-03,71.08,71.68,70.87,71.57,70.7621,22867551
2021-12-06,72.08,73.1,72.07,72.83,72.0078,18524400
2021-12-07,72.95,73.35,72.81,72.99,72.166,13169470
2021-12-08,72.87,73.19,72.14,72.76,71.9386,14489770
2021-12-09,72.75,73.22,72.44,72.96,72.1364,8613861
2021-12-10,73.39,74.24,73.255,74.19,73.3525,10889960
2021-12-13,74.17,75.39,74.06,75.16,74.3115,16518051
2021-12-14,75.01,75.33,74.7201,75.21,74.361,16048340
2021-12-15,75.22,76.06,75.195,75.97,75.1124,21276949
2021-12-16,75.91,76.78,75.895,76.51,75.6463,14498960
2021-12-17,76.24,76.62,75.16,75.2,74.3511,23809881
2021-12-20,74.12,74.745,74.03,74.71,74.3727,14116650
2021-12-21,74.71,74.76,74.17,74.61,74.2732,11872070
2021-12-22,74.58,75.11,74.285,75.08,74.7411,7650200
2021-12-23,75.26,75.505,75.135,75.25,74.9103,8089032
2021-12-27,75.3,76.05,75.3,76.05,75.7067,7343188
2021-12-28,75.96,76.555,75.96,76.48,76.1347,7285332
2021-12-29,76.56,77.015,76.43,76.83,76.4832,7891629
2021-12-30,77.02,77.1,76.535,76.59,76.2442,6802853
2021-12-31,76.54,77.23,76.5,77.11,76.7619,11288950
2022-01-03,76.66,77.14,76.02,77.1,76.7519,22320270
2022-01-04,77.08,77.865,77.05,77.62,77.2696,23066029
2022-01-05,77.52,78.18,77.49,77.55,77.1999,29748490
2022-01-06,77.5,77.98,77.23,77.34,76.9909,25023939
2022-01-07,77.22,77.719,77.0104,77.42,77.0705,12650260
2022-01-10,77.3,77.46,76.56,76.81,76.4633,18578270
2022-01-11,76.73,76.79,75.875,76.72,76.3737,19571760
2022-01-12,76.67,76.81,76.39,76.75,76.4035,11155240
2022-01-13,76.83,77.05,76.58,76.89,76.5429,14287370
2022-01-14,76.7,77.13,76.35,77.03,76.6823,21391721
2022-01-18,76.46,76.48,75.68,75.92,75.5773,16684340
2022-01-19,76.06,76.925,76.038,76.4,76.0551,18518490
2022-01-20,76.33,76.98,75.835,75.9,75.5574,15677900
2022-01-21,76.28,76.93,75.8361,75.96,75.6171,25270619
2022-01-24,75.66,76.16,74.11,75.71,75.3682,35520551
2022-01-25,75.05,75.305,73.97,74.87,74.532,28638461
2022-01-26,74.64,75.31,73.855,74.3,73.9646,33222238
2022-01-27,74.89,75.98,74.505,74.8,74.4623,23821391
2022-01-28,74.41,75.72,73.76,75.68,75.3384,25111500
2022-01-31,75.22,76.04,75.05,75.97,75.627,15453030
2022-02-01,75.97,76.14,75.12,75.9,75.5574,15621140
2022-02-02,75.98,76.925,75.91,76.81,76.4633,13630430
2022-02-03,76.46,77.21,76.345,76.83,76.4832,14414670
2022-02-04,76.31,76.67,75.46,75.89,75.5474,17939699
2022-02-07,76.19,76.4,75.59,76.03,75.6868,10949450
2022-02-08,76.21,76.53,75.91,76.32,75.9755,11472900
2022-02-09,76.69,76.86,76.21,76.34,75.9954,14899290
2022-02-10,75.92,76.27,75.245,75.52,75.1791,19828500
2022-02-11,75.74,76.02,75.0311,75.25,74.9103,18498400
2022-02-14,75.25,75.53,74.04,75.04,74.7012,23550830
2022-02-15,75.49,75.97,74.82,75.17,74.8307,12300390
2022-02-16,75.13,75.58,74.585,75.31,74.97,13507750
2022-02-17,75.12,76.1,74.9,75.89,75.5474,12873540
2022-02-18,75.83,76.32,75.58,76.03,75.6868,16470131
2022-02-22,76.09,76.15,74.96,75.44,75.0994,21545840
2022-02-23,75.69,75.73,74.73,74.83,74.4922,15134260
2022-02-24,73.84,74.0,72.19,73.54,73.208,30125660
2022-02-25,73.97,76.02,73.94,75.91,75.5673,21141590
2022-02-28,74.78,75.21,74.09,74.9,74.5619,20975350
2022-03-01,74.7,75.31,74.055,74.46,74.1239,18750301
2022-03-02,74.48,75.59,74.38,75.25,74.9103,18934980
2022-03-03,75.58,76.31,75.515,75.86,75.5175,19576471
2022-03-04,75.0,76.03,74.71,75.87,75.5275,22081359
2022-03-07,75.46,75.79,74.4,74.49,74.1537,20057311
2022-03-08,74.57,74.755,72.43,72.48,72.1528,29710391
2022-03-09,73.61,73.625,72.655,72.97,72.6406,18254230
2022-03-10,72.45,72.73,71.6,72.28,71.9537,21892500
2022-03-11,72.54,72.94,71.34,71.44,71.1175,14276510
2022-03-14,71.89,72.54,71.43,71.82,71.4958,18438859
2022-03-15,72.47,73.52,72.3,73.43,73.0985,17078070
2022-03-16,73.61,73.89,72.455,73.51,73.1781,18783199
2022-03-17,73.46,74.15,73.285,74.02,73.6858,14484620
2022-03-18,74.09,74.26,73.53,74.19,73.855,20273600
2022-03-21,74.04,74.61,73.54,73.95,73.95,17659100
2022-03-22,74.5,74.65,73.87,74.5,74.5,11667300
2022-03-23,74.59,74.78,73.83,73.9,73.9,14027800
2022-03-24,74.2,74.45,73.95,74.42,74.42,9458800
2022-03-25,74.6,75.19,74.53,75.04,75.04,12508400
2022-03-28,75.07,75.35,74.63,75.35,75.35,11602600
2022-03-29,75.94,76.16,75.34,76.02,76.02,16595100
2022-03-30,75.72,76.08,75.4,76.07,76.07,13367500
2022-03-31,75.98,76.35,75.76,75.89,75.89,12388500
2022-04-01,76.03,76.74,75.74,76.65,76.65,12639800
2022-04-04,76.52,76.52,75.54,76.41,76.41,9618400
2022-04-05,76.06,77.27,76.06,76.48,76.48,12717200
2022-04-06,76.48,77.55,76.15,77.45,77.45,23849600
2022-04-07,77.71,78.56,77.49,78.39,78.39,18311500
2022-04-08,78.6,78.96,78.25,78.72,78.72,13879100
2022-04-11,78.86,79.12,78.25,78.4,78.4,18229900
2022-04-12,78.41,78.96,78.14,78.42,78.42,19804800
2022-04-13,78.36,78.97,78.35,78.86,78.86,11715500
